wire;'+12V';25;(;5092;3466;);(;5092;3201;)
wire;'+12V';25;(;5092;3201;);(;5062;3201;)
wire;'+12V';25;(;5062;3201;);(;5062;3466;)
wire;'+12V';25;(;5062;3466;);(;5032;3466;)
wire;'+12V';25;(;5032;3466;);(;5032;3201;)
wire;'+12V';25;(;5032;3201;);(;5002;3201;)
wire;'+12V';25;(;5002;3201;);(;5002;3466;)
wire;'+12V';25;(;5002;3466;);(;4972;3466;)
wire;'+12V';25;(;4972;3466;);(;4972;3201;)
wire;'+12V';25;(;4972;3201;);(;4942;3201;)
wire;'+12V';25;(;4942;3201;);(;4942;3466;)
wire;'+12V';25;(;4942;3466;);(;4912;3466;)
wire;'+12V';25;(;4912;3466;);(;4912;3201;)
wire;'+12V';25;(;4912;3201;);(;4882;3201;)
wire;'+12V';25;(;4882;3201;);(;4882;3466;)
wire;'+12V';25;(;4882;3466;);(;4852;3466;)
wire;'+12V';25;(;4852;3466;);(;4852;3201;)
wire;'+12V';25;(;4852;3201;);(;4822;3201;)
wire;'+12V';25;(;4822;3201;);(;4822;3466;)
wire;'+12V';25;(;4822;3466;);(;4792;3466;)
wire;'+12V';25;(;4792;3466;);(;4792;3201;)
wire;'+12V';25;(;4792;3201;);(;4762;3201;)
wire;'+12V';25;(;4762;3201;);(;4762;3466;)
wire;'+12V';25;(;4762;3466;);(;4732;3466;)
wire;'+12V';25;(;4732;3466;);(;4732;3201;)
wire;'+12V';25;(;4732;3201;);(;4702;3201;)
wire;'+12V';25;(;4702;3201;);(;4702;3466;)
wire;'+12V';25;(;4702;3466;);(;4672;3466;)
wire;'+12V';25;(;4672;3466;);(;4672;3201;)
wire;'+12V';25;(;4672;3201;);(;4642;3201;)
wire;'+12V';25;(;4642;3201;);(;4642;3466;)
wire;'+12V';25;(;4642;3466;);(;4612;3466;)
wire;'+12V';25;(;4612;3466;);(;4612;3201;)
wire;'+12V';25;(;4612;3201;);(;4582;3201;)
wire;'+12V';25;(;4582;3201;);(;4582;3466;)
wire;'+12V';25;(;4582;3466;);(;4552;3466;)
wire;'+12V';25;(;4552;3466;);(;4552;3201;)
wire;'+12V';25;(;4552;3201;);(;4522;3201;)
wire;'+12V';25;(;4522;3201;);(;4522;3466;)
wire;'+12V';25;(;4522;3466;);(;4492;3466;)
wire;'+12V';25;(;4492;3466;);(;4492;3201;)
wire;'+12V';25;(;4492;3201;);(;4458;3201;)
wire;'+12V';25;(;4458;3201;);(;4458;3466;)
wire;'+12V';25;(;4458;3466;);(;4424;3466;)
wire;'+12V';25;(;4424;3466;);(;4424;3201;)
wire;'+12V';25;(;4424;3201;);(;4390;3201;)
wire;'+12V';25;(;4390;3201;);(;4390;3466;)
wire;'+12V';25;(;4390;3466;);(;4357;3466;)
wire;'+12V';25;(;4357;3466;);(;4357;3201;)
wire;'+12V';25;(;4357;3201;);(;4324;3201;)
wire;'+12V';25;(;4324;3201;);(;4324;3466;)
wire;'+12V';25;(;4324;3466;);(;4291;3466;)
wire;'+12V';25;(;4291;3466;);(;4291;3201;)
wire;'+12V';25;(;4291;3201;);(;4258;3201;)
wire;'+12V';25;(;4258;3201;);(;4258;3466;)
wire;'+12V';25;(;4258;3466;);(;4225;3466;)
wire;'+12V';25;(;4225;3466;);(;4225;3201;)
wire;'+12V';25;(;4225;3201;);(;4192;3201;)
wire;'+12V';25;(;4192;3201;);(;4192;3466;)
wire;'+12V';25;(;4192;3466;);(;4159;3466;)
wire;'+12V';25;(;4159;3466;);(;4159;3201;)
wire;'+12V';25;(;4159;3201;);(;4126;3201;)
wire;'+12V';25;(;4126;3201;);(;4126;3466;)
wire;'+12V';25;(;4126;3466;);(;4093;3466;)
wire;'+12V';25;(;4093;3466;);(;4093;3201;)
wire;'+12V';25;(;4093;3201;);(;4060;3201;)
wire;'+12V';25;(;4060;3201;);(;4060;3466;)
wire;'+12V';25;(;4060;3466;);(;4027;3466;)
wire;'+12V';25;(;4027;3466;);(;4027;3201;)
wire;'+12V';25;(;4027;3201;);(;3994;3201;)
wire;'+12V';25;(;3994;3201;);(;3994;3466;)
wire;'+12V';25;(;3994;3466;);(;3960;3466;)
wire;'+12V';25;(;3960;3466;);(;3960;3201;)
wire;'+12V';25;(;3960;3201;);(;3926;3201;)
wire;'+12V';25;(;3926;3201;);(;3926;3466;)
wire;'+12V';25;(;3926;3466;);(;3892;3466;)
wire;'+12V';25;(;3892;3466;);(;3892;3201;)
wire;'+12V';25;(;3892;3201;);(;3854;3201;)
wire;'+12V';25;(;3854;3201;);(;3854;3466;)
wire;'+12V';25;(;3854;3466;);(;3816;3466;)
wire;'+12V';25;(;3816;3466;);(;3816;3201;)
wire;'+12V';25;(;3816;3201;);(;3778;3201;)
wire;'+12V';25;(;3778;3201;);(;3778;3466;)
wire;'+12V';25;(;3778;3466;);(;3740;3466;)
wire;'+12V';25;(;3740;3466;);(;3740;3201;)
wire;'+12V';25;(;3740;3201;);(;3703;3201;)
wire;'+12V';25;(;3703;3201;);(;3703;3466;)
wire;'+12V';25;(;3703;3466;);(;3666;3466;)
wire;'+12V';25;(;3666;3466;);(;3666;3201;)
wire;'+12V';25;(;3666;3201;);(;3629;3201;)
wire;'+12V';25;(;3629;3201;);(;3629;3466;)
wire;'+12V';25;(;3629;3466;);(;3592;3466;)
wire;'+12V';25;(;3592;3466;);(;3592;3201;)
wire;'+12V';25;(;3592;3201;);(;3555;3201;)
wire;'+12V';25;(;3555;3201;);(;3555;3466;)
wire;'+12V';25;(;3555;3466;);(;3518;3466;)
wire;'+12V';25;(;3518;3466;);(;3518;3201;)
wire;'+12V';25;(;3518;3201;);(;3481;3201;)
wire;'+12V';25;(;3481;3201;);(;3481;3466;)
wire;'+12V';25;(;3481;3466;);(;3444;3466;)
wire;'+12V';25;(;3444;3466;);(;3444;3201;)
wire;'+12V';25;(;3444;3201;);(;3406;3201;)
wire;'+12V';25;(;3406;3201;);(;3406;3466;)
wire;'+12V';25;(;3406;3466;);(;3368;3466;)
wire;'+12V';25;(;3368;3466;);(;3368;3201;)
wire;'+12V';25;(;3368;3201;);(;3330;3201;)
wire;'+12V';25;(;3330;3201;);(;3330;3466;)
wire;'+12V';25;(;3330;3466;);(;3292;3466;)
wire;'+12V';25;(;3292;3466;);(;3292;3201;)
wire;'+12V';25;(;3292;3201;);(;3249;3201;)
wire;'+12V';25;(;3249;3201;);(;3249;3466;)
wire;'+12V';25;(;3249;3466;);(;3206;3466;)
wire;'+12V';25;(;3206;3466;);(;3206;3201;)
wire;'+12V';25;(;3206;3201;);(;3163;3201;)
wire;'+12V';25;(;3163;3201;);(;3163;3466;)
wire;'+12V';25;(;3163;3466;);(;3120;3466;)
wire;'+12V';25;(;3120;3466;);(;3120;3201;)
wire;'+12V';25;(;3120;3201;);(;3077;3201;)
wire;'+12V';25;(;3077;3201;);(;3077;3466;)
wire;'+12V';25;(;3077;3466;);(;3034;3466;)
wire;'+12V';25;(;3034;3466;);(;3034;3201;)
wire;'+12V';25;(;3034;3201;);(;2992;3201;)
wire;'+12V';25;(;2992;3201;);(;2992;3466;)
wire;'+12V';25;(;2992;3466;);(;2950;3466;)
wire;'+12V';25;(;2950;3466;);(;2950;3201;)
wire;'+12V';25;(;2950;3201;);(;2907;3201;)
wire;'+12V';25;(;2907;3201;);(;2907;3466;)
wire;'+12V';25;(;2907;3466;);(;2864;3466;)
wire;'+12V';25;(;2864;3466;);(;2864;3201;)
wire;'+12V';25;(;2864;3201;);(;2821;3201;)
wire;'+12V';25;(;2821;3201;);(;2821;3466;)
wire;'+12V';25;(;2821;3466;);(;2778;3466;)
wire;'+12V';25;(;2778;3466;);(;2778;3201;)
wire;'+12V';25;(;2778;3201;);(;2735;3201;)
wire;'+12V';25;(;2735;3201;);(;2735;3466;)
wire;'+12V';25;(;2735;3466;);(;2692;3466;)
wire;'+12V';25;(;2692;3466;);(;2652;3466;)
wire;'+12V';25;(;2652;3466;);(;2652;3201;)
wire;'+12V';25;(;2652;3201;);(;2609;3201;)
wire;'+12V';25;(;2609;3201;);(;2609;3466;)
wire;'+12V';25;(;2609;3466;);(;2566;3466;)
wire;'+12V';25;(;2566;3466;);(;2566;3201;)
wire;'+12V';25;(;2566;3201;);(;2523;3201;)
wire;'+12V';25;(;2523;3201;);(;2523;3466;)
wire;'+12V';25;(;2523;3466;);(;2480;3466;)
wire;'+12V';25;(;2480;3466;);(;2480;3201;)
wire;'+12V';25;(;2480;3201;);(;2437;3201;)
wire;'+12V';25;(;2437;3201;);(;2437;3466;)
wire;'+12V';25;(;2437;3466;);(;2394;3466;)
wire;'+12V';25;(;2394;3466;);(;2394;3201;)
wire;'+12V';25;(;2394;3201;);(;2352;3201;)
wire;'+12V';25;(;2352;3201;);(;2352;3466;)
wire;'+12V';25;(;2352;3466;);(;2310;3466;)
wire;'+12V';25;(;2310;3466;);(;2310;3201;)
wire;'+12V';25;(;2310;3201;);(;2267;3201;)
wire;'+12V';25;(;2267;3201;);(;2267;3466;)
wire;'+12V';25;(;2267;3466;);(;2224;3466;)
wire;'+12V';25;(;2224;3466;);(;2224;3201;)
wire;'+12V';25;(;2224;3201;);(;2181;3201;)
wire;'+12V';25;(;2181;3201;);(;2181;3466;)
wire;'+12V';25;(;2181;3466;);(;2138;3466;)
wire;'+12V';25;(;2138;3466;);(;2138;3201;)
wire;'+12V';25;(;2138;3201;);(;2095;3201;)
wire;'+12V';25;(;2095;3201;);(;2095;3466;)
wire;'+12V';25;(;2095;3466;);(;2052;3466;)
wire;'+12V';25;(;2052;3466;);(;2052;3201;)
wire;'+12V';25;(;2052;3201;);(;2014;3201;)
wire;'+12V';25;(;2014;3201;);(;2014;3466;)
wire;'+12V';25;(;2014;3466;);(;1976;3466;)
wire;'+12V';25;(;1976;3466;);(;1976;3201;)
wire;'+12V';25;(;1976;3201;);(;1938;3201;)
wire;'+12V';25;(;1938;3201;);(;1938;3466;)
wire;'+12V';25;(;1938;3466;);(;1900;3466;)
wire;'+12V';25;(;1900;3466;);(;1900;3201;)
wire;'+12V';25;(;1900;3201;);(;1863;3201;)
wire;'+12V';25;(;1863;3201;);(;1863;3466;)
wire;'+12V';25;(;1863;3466;);(;1826;3466;)
wire;'+12V';25;(;1826;3466;);(;1826;3201;)
wire;'+12V';25;(;1826;3201;);(;1789;3201;)
wire;'+12V';25;(;1789;3201;);(;1789;3466;)
wire;'+12V';25;(;1789;3466;);(;1752;3466;)
wire;'+12V';25;(;1752;3466;);(;1752;3201;)
wire;'+12V';25;(;1752;3201;);(;1715;3201;)
wire;'+12V';25;(;1715;3201;);(;1715;3466;)
wire;'+12V';25;(;1715;3466;);(;1678;3466;)
wire;'+12V';25;(;1678;3466;);(;1678;3201;)
wire;'+12V';25;(;1678;3201;);(;1641;3201;)
wire;'+12V';25;(;1641;3201;);(;1641;3466;)
wire;'+12V';25;(;1641;3466;);(;1604;3466;)
wire;'+12V';25;(;1604;3466;);(;1604;3201;)
wire;'+12V';25;(;1604;3201;);(;1566;3201;)
wire;'+12V';25;(;1566;3201;);(;1566;3466;)
wire;'+12V';25;(;1566;3466;);(;1528;3466;)
wire;'+12V';25;(;1528;3466;);(;1528;3201;)
wire;'+12V';25;(;1528;3201;);(;1490;3201;)
wire;'+12V';25;(;1490;3201;);(;1490;3466;)
wire;'+12V';25;(;1490;3466;);(;1452;3466;)
wire;'+12V';25;(;1452;3466;);(;1452;3201;)
wire;'+12V';25;(;1452;3201;);(;1418;3201;)
wire;'+12V';25;(;1418;3201;);(;1418;3466;)
wire;'+12V';25;(;1418;3466;);(;1384;3466;)
wire;'+12V';25;(;1384;3466;);(;1384;3201;)
wire;'+12V';25;(;1384;3201;);(;1350;3201;)
wire;'+12V';25;(;1350;3201;);(;1350;3466;)
wire;'+12V';25;(;1350;3466;);(;1317;3466;)
wire;'+12V';25;(;1317;3466;);(;1317;3201;)
wire;'+12V';25;(;1317;3201;);(;1284;3201;)
wire;'+12V';25;(;1284;3201;);(;1284;3466;)
wire;'+12V';25;(;1284;3466;);(;1251;3466;)
wire;'+12V';25;(;1251;3466;);(;1251;3201;)
wire;'+12V';25;(;1251;3201;);(;1218;3201;)
wire;'+12V';25;(;1218;3201;);(;1218;3466;)
wire;'+12V';25;(;1218;3466;);(;1185;3466;)
wire;'+12V';25;(;1185;3466;);(;1185;3201;)
wire;'+12V';25;(;1185;3201;);(;1152;3201;)
wire;'+12V';25;(;1152;3201;);(;1152;3466;)
wire;'+12V';25;(;1152;3466;);(;1119;3466;)
wire;'+12V';25;(;1119;3466;);(;1119;3201;)
wire;'+12V';25;(;1119;3201;);(;1086;3201;)
wire;'+12V';25;(;1086;3201;);(;1086;3466;)
wire;'+12V';25;(;1086;3466;);(;1053;3466;)
wire;'+12V';25;(;1053;3466;);(;1053;3201;)
wire;'+12V';25;(;1053;3201;);(;1020;3201;)
wire;'+12V';25;(;1020;3201;);(;1020;3466;)
wire;'+12V';25;(;1020;3466;);(;987;3466;)
wire;'+12V';25;(;987;3466;);(;987;3201;)
wire;'+12V';25;(;987;3201;);(;954;3201;)
wire;'+12V';25;(;954;3201;);(;954;3466;)
wire;'+12V';25;(;954;3466;);(;920;3466;)
wire;'+12V';25;(;920;3466;);(;920;3201;)
wire;'+12V';25;(;920;3201;);(;886;3201;)
wire;'+12V';25;(;886;3201;);(;886;3466;)
wire;'+12V';25;(;886;3466;);(;852;3466;)
wire;'+12V';25;(;852;3466;);(;852;3201;)
wire;'+12V';25;(;852;3201;);(;822;3201;)
wire;'+12V';25;(;822;3201;);(;822;3466;)
wire;'+12V';25;(;822;3466;);(;792;3466;)
wire;'+12V';25;(;792;3466;);(;792;3201;)
wire;'+12V';25;(;792;3201;);(;762;3201;)
wire;'+12V';25;(;762;3201;);(;762;3466;)
wire;'+12V';25;(;762;3466;);(;732;3466;)
wire;'+12V';25;(;732;3466;);(;732;3201;)
wire;'+12V';25;(;732;3201;);(;702;3201;)
wire;'+12V';25;(;702;3201;);(;702;3466;)
wire;'+12V';25;(;702;3466;);(;672;3466;)
wire;'+12V';25;(;672;3466;);(;672;3201;)
wire;'+12V';25;(;672;3201;);(;642;3201;)
wire;'+12V';25;(;642;3201;);(;642;3466;)
wire;'+12V';25;(;642;3466;);(;612;3466;)
wire;'+12V';25;(;612;3466;);(;612;3201;)
wire;'+12V';25;(;612;3201;);(;582;3201;)
wire;'+12V';25;(;582;3201;);(;582;3466;)
wire;'+12V';25;(;582;3466;);(;552;3466;)
wire;'+12V';25;(;552;3466;);(;552;3201;)
wire;'+12V';25;(;552;3201;);(;522;3201;)
wire;'+12V';25;(;522;3201;);(;522;3466;)
wire;'+12V';25;(;522;3466;);(;492;3466;)
wire;'+12V';25;(;492;3466;);(;492;3201;)
wire;'+12V';25;(;492;3201;);(;462;3201;)
wire;'+12V';25;(;462;3201;);(;462;3466;)
wire;'+12V';25;(;462;3466;);(;432;3466;)
wire;'+12V';25;(;432;3466;);(;432;3201;)
wire;'+12V';25;(;432;3201;);(;402;3201;)
wire;'+12V';25;(;402;3201;);(;402;3466;)
wire;'+12V';25;(;402;3466;);(;372;3466;)
wire;'+12V';25;(;372;3466;);(;372;3201;)
wire;'+12V';25;(;372;3201;);(;342;3201;)
wire;'+12V';25;(;342;3201;);(;342;3466;)
wire;'+12V';25;(;342;3466;);(;312;3466;)
wire;'+12V';25;(;312;3466;);(;312;3201;)
wire;'+12V';25;(;312;3201;);(;282;3201;)
wire;'+12V';25;(;282;3201;);(;282;3466;)
wire;'+12V';25;(;282;3466;);(;252;3466;)
wire;'+12V';25;(;252;3466;);(;252;3151;)
wire;'+12V';25;(;252;3151;);(;286;3151;)
wire;'+12V';25;(;286;3151;);(;286;2886;)
wire;'+12V';25;(;286;2886;);(;320;2886;)
wire;'+12V';25;(;320;2886;);(;320;3151;)
wire;'+12V';25;(;320;3151;);(;354;3151;)
wire;'+12V';25;(;354;3151;);(;354;2886;)
wire;'+12V';25;(;354;2886;);(;387;2886;)
wire;'+12V';25;(;387;2886;);(;387;3151;)
wire;'+12V';25;(;387;3151;);(;420;3151;)
wire;'+12V';25;(;420;3151;);(;420;2886;)
wire;'+12V';25;(;420;2886;);(;453;2886;)
wire;'+12V';25;(;453;2886;);(;453;3151;)
wire;'+12V';25;(;453;3151;);(;486;3151;)
wire;'+12V';25;(;486;3151;);(;486;2886;)
wire;'+12V';25;(;486;2886;);(;519;2886;)
wire;'+12V';25;(;519;2886;);(;519;3151;)
wire;'+12V';25;(;519;3151;);(;552;3151;)
wire;'+12V';25;(;552;3151;);(;552;2886;)
wire;'+12V';25;(;552;2886;);(;585;2886;)
wire;'+12V';25;(;585;2886;);(;585;3151;)
wire;'+12V';25;(;585;3151;);(;618;3151;)
wire;'+12V';25;(;618;3151;);(;618;2886;)
wire;'+12V';25;(;618;2886;);(;651;2886;)
wire;'+12V';25;(;651;2886;);(;651;3151;)
wire;'+12V';25;(;651;3151;);(;684;3151;)
wire;'+12V';25;(;684;3151;);(;684;2886;)
wire;'+12V';25;(;684;2886;);(;717;2886;)
wire;'+12V';25;(;717;2886;);(;717;3151;)
wire;'+12V';25;(;717;3151;);(;750;3151;)
wire;'+12V';25;(;750;3151;);(;750;2886;)
wire;'+12V';25;(;750;2886;);(;784;2886;)
wire;'+12V';25;(;784;2886;);(;784;3151;)
wire;'+12V';25;(;784;3151;);(;818;3151;)
wire;'+12V';25;(;818;3151;);(;818;2886;)
wire;'+12V';25;(;818;2886;);(;852;2886;)
wire;'+12V';25;(;852;2886;);(;852;3151;)
wire;'+12V';25;(;852;3151;);(;890;3151;)
wire;'+12V';25;(;890;3151;);(;890;2886;)
wire;'+12V';25;(;890;2886;);(;928;2886;)
wire;'+12V';25;(;928;2886;);(;928;3151;)
wire;'+12V';25;(;928;3151;);(;966;3151;)
wire;'+12V';25;(;966;3151;);(;966;2886;)
wire;'+12V';25;(;966;2886;);(;1004;2886;)
wire;'+12V';25;(;1004;2886;);(;1004;3151;)
wire;'+12V';25;(;1004;3151;);(;1041;3151;)
wire;'+12V';25;(;1041;3151;);(;1041;2886;)
wire;'+12V';25;(;1041;2886;);(;1078;2886;)
wire;'+12V';25;(;1078;2886;);(;1078;3151;)
wire;'+12V';25;(;1078;3151;);(;1115;3151;)
wire;'+12V';25;(;1115;3151;);(;1115;2886;)
wire;'+12V';25;(;1115;2886;);(;1152;2886;)
wire;'+12V';25;(;1152;2886;);(;1152;3151;)
wire;'+12V';25;(;1152;3151;);(;1189;3151;)
wire;'+12V';25;(;1189;3151;);(;1189;2886;)
wire;'+12V';25;(;1189;2886;);(;1226;2886;)
wire;'+12V';25;(;1226;2886;);(;1226;3151;)
wire;'+12V';25;(;1226;3151;);(;1263;3151;)
wire;'+12V';25;(;1263;3151;);(;1263;2886;)
wire;'+12V';25;(;1263;2886;);(;1300;2886;)
wire;'+12V';25;(;1300;2886;);(;1300;3151;)
wire;'+12V';25;(;1300;3151;);(;1338;3151;)
wire;'+12V';25;(;1338;3151;);(;1338;2886;)
wire;'+12V';25;(;1338;2886;);(;1376;2886;)
wire;'+12V';25;(;1376;2886;);(;1376;3151;)
wire;'+12V';25;(;1376;3151;);(;1414;3151;)
wire;'+12V';25;(;1414;3151;);(;1414;2886;)
wire;'+12V';25;(;1414;2886;);(;1452;2886;)
wire;'+12V';25;(;1452;2886;);(;1452;3151;)
wire;'+12V';25;(;1452;3151;);(;1495;3151;)
wire;'+12V';25;(;1495;3151;);(;1495;2886;)
wire;'+12V';25;(;1495;2886;);(;1538;2886;)
wire;'+12V';25;(;1538;2886;);(;1538;3151;)
wire;'+12V';25;(;1538;3151;);(;1581;3151;)
wire;'+12V';25;(;1581;3151;);(;1581;2886;)
wire;'+12V';25;(;1581;2886;);(;1624;2886;)
wire;'+12V';25;(;1624;2886;);(;1624;3151;)
wire;'+12V';25;(;1624;3151;);(;1667;3151;)
wire;'+12V';25;(;1667;3151;);(;1667;2886;)
wire;'+12V';25;(;1667;2886;);(;1710;2886;)
wire;'+12V';25;(;1710;2886;);(;1710;3151;)
wire;'+12V';25;(;1710;3151;);(;1752;3151;)
wire;'+12V';25;(;1752;3151;);(;1752;2886;)
wire;'+12V';25;(;1752;2886;);(;1794;2886;)
wire;'+12V';25;(;1794;2886;);(;1794;3151;)
wire;'+12V';25;(;1794;3151;);(;1837;3151;)
wire;'+12V';25;(;1837;3151;);(;1837;2886;)
wire;'+12V';25;(;1837;2886;);(;1880;2886;)
wire;'+12V';25;(;1880;2886;);(;1880;3151;)
wire;'+12V';25;(;1880;3151;);(;1923;3151;)
wire;'+12V';25;(;1923;3151;);(;1923;2886;)
wire;'+12V';25;(;1923;2886;);(;1966;2886;)
wire;'+12V';25;(;1966;2886;);(;1966;3151;)
wire;'+12V';25;(;1966;3151;);(;2009;3151;)
wire;'+12V';25;(;2009;3151;);(;2009;2886;)
wire;'+12V';25;(;2009;2886;);(;2052;2886;)
wire;'+12V';25;(;2052;2886;);(;2052;3151;)
wire;'+12V';25;(;2052;3151;);(;2102;3151;)
wire;'+12V';25;(;2102;3151;);(;2102;2886;)
wire;'+12V';25;(;2102;2886;);(;2152;2886;)
wire;'+12V';25;(;2152;2886;);(;2152;3151;)
wire;'+12V';25;(;2152;3151;);(;2202;3151;)
wire;'+12V';25;(;2202;3151;);(;2202;2886;)
wire;'+12V';25;(;2202;2886;);(;2252;2886;)
wire;'+12V';25;(;2252;2886;);(;2252;3151;)
wire;'+12V';25;(;2252;3151;);(;2302;3151;)
wire;'+12V';25;(;2302;3151;);(;2302;2886;)
wire;'+12V';25;(;2302;2886;);(;2352;2886;)
wire;'+12V';25;(;2352;2886;);(;2352;3151;)
wire;'+12V';25;(;2352;3151;);(;2402;3151;)
wire;'+12V';25;(;2402;3151;);(;2402;2886;)
wire;'+12V';25;(;2402;2886;);(;2452;2886;)
wire;'+12V';25;(;2452;2886;);(;2452;3151;)
wire;'+12V';25;(;2452;3151;);(;2502;3151;)
wire;'+12V';25;(;2502;3151;);(;2502;2886;)
wire;'+12V';25;(;2502;2886;);(;2552;2886;)
wire;'+12V';25;(;2552;2886;);(;2552;3151;)
wire;'+12V';25;(;2552;3151;);(;2602;3151;)
wire;'+12V';25;(;2602;3151;);(;2602;2886;)
wire;'+12V';25;(;2602;2886;);(;2652;2886;)
wire;'+12V';25;(;2652;2886;);(;2652;3151;)
wire;'+12V';25;(;2652;3151;);(;2692;3151;)
wire;'+12V';25;(;2692;3151;);(;2742;3151;)
wire;'+12V';25;(;2742;3151;);(;2742;2886;)
wire;'+12V';25;(;2742;2886;);(;2792;2886;)
wire;'+12V';25;(;2792;2886;);(;2792;3151;)
wire;'+12V';25;(;2792;3151;);(;2842;3151;)
wire;'+12V';25;(;2842;3151;);(;2842;2886;)
wire;'+12V';25;(;2842;2886;);(;2892;2886;)
wire;'+12V';25;(;2892;2886;);(;2892;3151;)
wire;'+12V';25;(;2892;3151;);(;2942;3151;)
wire;'+12V';25;(;2942;3151;);(;2942;2886;)
wire;'+12V';25;(;2942;2886;);(;2992;2886;)
wire;'+12V';25;(;2992;2886;);(;2992;3151;)
wire;'+12V';25;(;2992;3151;);(;3042;3151;)
wire;'+12V';25;(;3042;3151;);(;3042;2886;)
wire;'+12V';25;(;3042;2886;);(;3092;2886;)
wire;'+12V';25;(;3092;2886;);(;3092;3151;)
wire;'+12V';25;(;3092;3151;);(;3142;3151;)
wire;'+12V';25;(;3142;3151;);(;3142;2886;)
wire;'+12V';25;(;3142;2886;);(;3192;2886;)
wire;'+12V';25;(;3192;2886;);(;3192;3151;)
wire;'+12V';25;(;3192;3151;);(;3242;3151;)
wire;'+12V';25;(;3242;3151;);(;3242;2886;)
wire;'+12V';25;(;3242;2886;);(;3292;2886;)
wire;'+12V';25;(;3292;2886;);(;3292;3151;)
wire;'+12V';25;(;3292;3151;);(;3335;3151;)
wire;'+12V';25;(;3335;3151;);(;3335;2886;)
wire;'+12V';25;(;3335;2886;);(;3378;2886;)
wire;'+12V';25;(;3378;2886;);(;3378;3151;)
wire;'+12V';25;(;3378;3151;);(;3421;3151;)
wire;'+12V';25;(;3421;3151;);(;3421;2886;)
wire;'+12V';25;(;3421;2886;);(;3464;2886;)
wire;'+12V';25;(;3464;2886;);(;3464;3151;)
wire;'+12V';25;(;3464;3151;);(;3507;3151;)
wire;'+12V';25;(;3507;3151;);(;3507;2886;)
wire;'+12V';25;(;3507;2886;);(;3550;2886;)
wire;'+12V';25;(;3550;2886;);(;3550;3151;)
wire;'+12V';25;(;3550;3151;);(;3592;3151;)
wire;'+12V';25;(;3592;3151;);(;3592;2886;)
wire;'+12V';25;(;3592;2886;);(;3634;2886;)
wire;'+12V';25;(;3634;2886;);(;3634;3151;)
wire;'+12V';25;(;3634;3151;);(;3677;3151;)
wire;'+12V';25;(;3677;3151;);(;3677;2886;)
wire;'+12V';25;(;3677;2886;);(;3720;2886;)
wire;'+12V';25;(;3720;2886;);(;3720;3151;)
wire;'+12V';25;(;3720;3151;);(;3763;3151;)
wire;'+12V';25;(;3763;3151;);(;3763;2886;)
wire;'+12V';25;(;3763;2886;);(;3806;2886;)
wire;'+12V';25;(;3806;2886;);(;3806;3151;)
wire;'+12V';25;(;3806;3151;);(;3849;3151;)
wire;'+12V';25;(;3849;3151;);(;3849;2886;)
wire;'+12V';25;(;3849;2886;);(;3892;2886;)
wire;'+12V';25;(;3892;2886;);(;3892;3151;)
wire;'+12V';25;(;3892;3151;);(;3930;3151;)
wire;'+12V';25;(;3930;3151;);(;3930;2886;)
wire;'+12V';25;(;3930;2886;);(;3968;2886;)
wire;'+12V';25;(;3968;2886;);(;3968;3151;)
wire;'+12V';25;(;3968;3151;);(;4006;3151;)
wire;'+12V';25;(;4006;3151;);(;4006;2886;)
wire;'+12V';25;(;4006;2886;);(;4044;2886;)
wire;'+12V';25;(;4044;2886;);(;4044;3151;)
wire;'+12V';25;(;4044;3151;);(;4081;3151;)
wire;'+12V';25;(;4081;3151;);(;4081;2886;)
wire;'+12V';25;(;4081;2886;);(;4118;2886;)
wire;'+12V';25;(;4118;2886;);(;4118;3151;)
wire;'+12V';25;(;4118;3151;);(;4155;3151;)
wire;'+12V';25;(;4155;3151;);(;4155;2886;)
wire;'+12V';25;(;4155;2886;);(;4192;2886;)
wire;'+12V';25;(;4192;2886;);(;4192;3151;)
wire;'+12V';25;(;4192;3151;);(;4229;3151;)
wire;'+12V';25;(;4229;3151;);(;4229;2886;)
wire;'+12V';25;(;4229;2886;);(;4266;2886;)
wire;'+12V';25;(;4266;2886;);(;4266;3151;)
wire;'+12V';25;(;4266;3151;);(;4303;3151;)
wire;'+12V';25;(;4303;3151;);(;4303;2886;)
wire;'+12V';25;(;4303;2886;);(;4340;2886;)
wire;'+12V';25;(;4340;2886;);(;4340;3151;)
wire;'+12V';25;(;4340;3151;);(;4378;3151;)
wire;'+12V';25;(;4378;3151;);(;4378;2886;)
wire;'+12V';25;(;4378;2886;);(;4416;2886;)
wire;'+12V';25;(;4416;2886;);(;4416;3151;)
wire;'+12V';25;(;4416;3151;);(;4454;3151;)
wire;'+12V';25;(;4454;3151;);(;4454;2886;)
wire;'+12V';25;(;4454;2886;);(;4492;2886;)
wire;'+12V';25;(;4492;2886;);(;4492;3151;)
wire;'+12V';25;(;4492;3151;);(;4526;3151;)
wire;'+12V';25;(;4526;3151;);(;4526;2886;)
wire;'+12V';25;(;4526;2886;);(;4560;2886;)
wire;'+12V';25;(;4560;2886;);(;4560;3151;)
wire;'+12V';25;(;4560;3151;);(;4594;3151;)
wire;'+12V';25;(;4594;3151;);(;4594;2886;)
wire;'+12V';25;(;4594;2886;);(;4627;2886;)
wire;'+12V';25;(;4627;2886;);(;4627;3151;)
wire;'+12V';25;(;4627;3151;);(;4660;3151;)
wire;'+12V';25;(;4660;3151;);(;4660;2886;)
wire;'+12V';25;(;4660;2886;);(;4693;2886;)
wire;'+12V';25;(;4693;2886;);(;4693;3151;)
wire;'+12V';25;(;4693;3151;);(;4726;3151;)
wire;'+12V';25;(;4726;3151;);(;4726;2886;)
wire;'+12V';25;(;4726;2886;);(;4759;2886;)
wire;'+12V';25;(;4759;2886;);(;4759;3151;)
wire;'+12V';25;(;4759;3151;);(;4792;3151;)
wire;'+12V';25;(;4792;3151;);(;4792;2886;)
wire;'+12V';25;(;4792;2886;);(;4825;2886;)
wire;'+12V';25;(;4825;2886;);(;4825;3151;)
wire;'+12V';25;(;4825;3151;);(;4858;3151;)
wire;'+12V';25;(;4858;3151;);(;4858;2886;)
wire;'+12V';25;(;4858;2886;);(;4891;2886;)
wire;'+12V';25;(;4891;2886;);(;4891;3151;)
wire;'+12V';25;(;4891;3151;);(;4924;3151;)
wire;'+12V';25;(;4924;3151;);(;4924;2886;)
wire;'+12V';25;(;4924;2886;);(;4957;2886;)
wire;'+12V';25;(;4957;2886;);(;4957;3151;)
wire;'+12V';25;(;4957;3151;);(;4990;3151;)
wire;'+12V';25;(;4990;3151;);(;4990;2886;)
wire;'+12V';25;(;4990;2886;);(;5024;2886;)
wire;'+12V';25;(;5024;2886;);(;5024;3151;)
wire;'+12V';25;(;5024;3151;);(;5058;3151;)
wire;'+12V';25;(;5058;3151;);(;5058;2886;)
wire;'+12V';25;(;5058;2886;);(;5092;2886;)
wire;'+12V';25;(;5092;2886;);(;5092;3151;)
wire;'+12V';25;(;5092;3151;);(;5132;3151;)
wire;'+12V';25;(;5132;3151;);(;5132;2836;)
wire;'+12V';25;(;5132;2836;);(;5092;2836;)
wire;'+12V';25;(;5092;2836;);(;5092;2571;)
wire;'+12V';25;(;5092;2571;);(;5058;2571;)
wire;'+12V';25;(;5058;2571;);(;5058;2836;)
wire;'+12V';25;(;5058;2836;);(;5024;2836;)
wire;'+12V';25;(;5024;2836;);(;5024;2571;)
wire;'+12V';25;(;5024;2571;);(;4990;2571;)
wire;'+12V';25;(;4990;2571;);(;4990;2836;)
wire;'+12V';25;(;4990;2836;);(;4957;2836;)
wire;'+12V';25;(;4957;2836;);(;4957;2571;)
wire;'+12V';25;(;4957;2571;);(;4924;2571;)
wire;'+12V';25;(;4924;2571;);(;4924;2836;)
wire;'+12V';25;(;4924;2836;);(;4891;2836;)
wire;'+12V';25;(;4891;2836;);(;4891;2571;)
wire;'+12V';25;(;4891;2571;);(;4858;2571;)
wire;'+12V';25;(;4858;2571;);(;4858;2836;)
wire;'+12V';25;(;4858;2836;);(;4825;2836;)
wire;'+12V';25;(;4825;2836;);(;4825;2571;)
wire;'+12V';25;(;4825;2571;);(;4792;2571;)
wire;'+12V';25;(;4792;2571;);(;4792;2836;)
wire;'+12V';25;(;4792;2836;);(;4759;2836;)
wire;'+12V';25;(;4759;2836;);(;4759;2571;)
wire;'+12V';25;(;4759;2571;);(;4726;2571;)
wire;'+12V';25;(;4726;2571;);(;4726;2836;)
wire;'+12V';25;(;4726;2836;);(;4693;2836;)
wire;'+12V';25;(;4693;2836;);(;4693;2571;)
wire;'+12V';25;(;4693;2571;);(;4660;2571;)
wire;'+12V';25;(;4660;2571;);(;4660;2836;)
wire;'+12V';25;(;4660;2836;);(;4627;2836;)
wire;'+12V';25;(;4627;2836;);(;4627;2571;)
wire;'+12V';25;(;4627;2571;);(;4594;2571;)
wire;'+12V';25;(;4594;2571;);(;4594;2836;)
wire;'+12V';25;(;4594;2836;);(;4560;2836;)
wire;'+12V';25;(;4560;2836;);(;4560;2571;)
wire;'+12V';25;(;4560;2571;);(;4526;2571;)
wire;'+12V';25;(;4526;2571;);(;4526;2836;)
wire;'+12V';25;(;4526;2836;);(;4492;2836;)
wire;'+12V';25;(;4492;2836;);(;4492;2571;)
wire;'+12V';25;(;4492;2571;);(;4442;2571;)
wire;'+12V';25;(;4442;2571;);(;4442;2836;)
wire;'+12V';25;(;4442;2836;);(;4392;2836;)
wire;'+12V';25;(;4392;2836;);(;4392;2571;)
wire;'+12V';25;(;4392;2571;);(;4342;2571;)
wire;'+12V';25;(;4342;2571;);(;4342;2836;)
wire;'+12V';25;(;4342;2836;);(;4292;2836;)
wire;'+12V';25;(;4292;2836;);(;4292;2571;)
wire;'+12V';25;(;4292;2571;);(;4242;2571;)
wire;'+12V';25;(;4242;2571;);(;4242;2836;)
wire;'+12V';25;(;4242;2836;);(;4192;2836;)
wire;'+12V';25;(;4192;2836;);(;4192;2571;)
wire;'+12V';25;(;4192;2571;);(;4142;2571;)
wire;'+12V';25;(;4142;2571;);(;4142;2836;)
wire;'+12V';25;(;4142;2836;);(;4092;2836;)
wire;'+12V';25;(;4092;2836;);(;4092;2571;)
wire;'+12V';25;(;4092;2571;);(;4042;2571;)
wire;'+12V';25;(;4042;2571;);(;4042;2836;)
wire;'+12V';25;(;4042;2836;);(;3992;2836;)
wire;'+12V';25;(;3992;2836;);(;3992;2571;)
wire;'+12V';25;(;3992;2571;);(;3942;2571;)
wire;'+12V';25;(;3942;2571;);(;3942;2836;)
wire;'+12V';25;(;3942;2836;);(;3892;2836;)
wire;'+12V';25;(;3892;2836;);(;3892;2571;)
wire;'+12V';25;(;3892;2571;);(;3832;2571;)
wire;'+12V';25;(;3832;2571;);(;3832;2836;)
wire;'+12V';25;(;3832;2836;);(;3772;2836;)
wire;'+12V';25;(;3772;2836;);(;3772;2571;)
wire;'+12V';25;(;3772;2571;);(;3712;2571;)
wire;'+12V';25;(;3712;2571;);(;3712;2836;)
wire;'+12V';25;(;3712;2836;);(;3652;2836;)
wire;'+12V';25;(;3652;2836;);(;3652;2571;)
wire;'+12V';25;(;3652;2571;);(;3592;2571;)
wire;'+12V';25;(;3592;2571;);(;3592;2836;)
wire;'+12V';25;(;3592;2836;);(;3532;2836;)
wire;'+12V';25;(;3532;2836;);(;3532;2571;)
wire;'+12V';25;(;3532;2571;);(;3472;2571;)
wire;'+12V';25;(;3472;2571;);(;3472;2836;)
wire;'+12V';25;(;3472;2836;);(;3412;2836;)
wire;'+12V';25;(;3412;2836;);(;3412;2571;)
wire;'+12V';25;(;3412;2571;);(;3352;2571;)
wire;'+12V';25;(;3352;2571;);(;3352;2836;)
wire;'+12V';25;(;3352;2836;);(;3292;2836;)
wire;'+12V';25;(;3292;2836;);(;3292;2571;)
wire;'+12V';25;(;3292;2571;);(;3217;2571;)
wire;'+12V';25;(;3217;2571;);(;3217;2836;)
wire;'+12V';25;(;3217;2836;);(;3142;2836;)
wire;'+12V';25;(;3142;2836;);(;3142;2571;)
wire;'+12V';25;(;3142;2571;);(;3067;2571;)
wire;'+12V';25;(;3067;2571;);(;3067;2836;)
wire;'+12V';25;(;3067;2836;);(;2992;2836;)
wire;'+12V';25;(;2992;2836;);(;2992;2571;)
wire;'+12V';25;(;2992;2571;);(;2917;2571;)
wire;'+12V';25;(;2917;2571;);(;2917;2836;)
wire;'+12V';25;(;2917;2836;);(;2842;2836;)
wire;'+12V';25;(;2842;2836;);(;2842;2571;)
wire;'+12V';25;(;2842;2571;);(;2767;2571;)
wire;'+12V';25;(;2767;2571;);(;2767;2836;)
wire;'+12V';25;(;2767;2836;);(;2692;2836;)
wire;'+12V';25;(;2692;2836;);(;2652;2836;)
wire;'+12V';25;(;2652;2836;);(;2652;2571;)
wire;'+12V';25;(;2652;2571;);(;2577;2571;)
wire;'+12V';25;(;2577;2571;);(;2577;2836;)
wire;'+12V';25;(;2577;2836;);(;2502;2836;)
wire;'+12V';25;(;2502;2836;);(;2502;2571;)
wire;'+12V';25;(;2502;2571;);(;2427;2571;)
wire;'+12V';25;(;2427;2571;);(;2427;2836;)
wire;'+12V';25;(;2427;2836;);(;2352;2836;)
wire;'+12V';25;(;2352;2836;);(;2352;2571;)
wire;'+12V';25;(;2352;2571;);(;2277;2571;)
wire;'+12V';25;(;2277;2571;);(;2277;2836;)
wire;'+12V';25;(;2277;2836;);(;2202;2836;)
wire;'+12V';25;(;2202;2836;);(;2202;2571;)
wire;'+12V';25;(;2202;2571;);(;2127;2571;)
wire;'+12V';25;(;2127;2571;);(;2127;2836;)
wire;'+12V';25;(;2127;2836;);(;2052;2836;)
wire;'+12V';25;(;2052;2836;);(;2052;2571;)
wire;'+12V';25;(;2052;2571;);(;1992;2571;)
wire;'+12V';25;(;1992;2571;);(;1992;2836;)
wire;'+12V';25;(;1992;2836;);(;1932;2836;)
wire;'+12V';25;(;1932;2836;);(;1932;2571;)
wire;'+12V';25;(;1932;2571;);(;1872;2571;)
wire;'+12V';25;(;1872;2571;);(;1872;2836;)
wire;'+12V';25;(;1872;2836;);(;1812;2836;)
wire;'+12V';25;(;1812;2836;);(;1812;2571;)
wire;'+12V';25;(;1812;2571;);(;1752;2571;)
wire;'+12V';25;(;1752;2571;);(;1752;2836;)
wire;'+12V';25;(;1752;2836;);(;1692;2836;)
wire;'+12V';25;(;1692;2836;);(;1692;2571;)
wire;'+12V';25;(;1692;2571;);(;1632;2571;)
wire;'+12V';25;(;1632;2571;);(;1632;2836;)
wire;'+12V';25;(;1632;2836;);(;1572;2836;)
wire;'+12V';25;(;1572;2836;);(;1572;2571;)
wire;'+12V';25;(;1572;2571;);(;1512;2571;)
wire;'+12V';25;(;1512;2571;);(;1512;2836;)
wire;'+12V';25;(;1512;2836;);(;1452;2836;)
wire;'+12V';25;(;1452;2836;);(;1452;2571;)
wire;'+12V';25;(;1452;2571;);(;1402;2571;)
wire;'+12V';25;(;1402;2571;);(;1402;2836;)
wire;'+12V';25;(;1402;2836;);(;1352;2836;)
wire;'+12V';25;(;1352;2836;);(;1352;2571;)
wire;'+12V';25;(;1352;2571;);(;1302;2571;)
wire;'+12V';25;(;1302;2571;);(;1302;2836;)
wire;'+12V';25;(;1302;2836;);(;1252;2836;)
wire;'+12V';25;(;1252;2836;);(;1252;2571;)
wire;'+12V';25;(;1252;2571;);(;1202;2571;)
wire;'+12V';25;(;1202;2571;);(;1202;2836;)
wire;'+12V';25;(;1202;2836;);(;1152;2836;)
wire;'+12V';25;(;1152;2836;);(;1152;2571;)
wire;'+12V';25;(;1152;2571;);(;1102;2571;)
wire;'+12V';25;(;1102;2571;);(;1102;2836;)
wire;'+12V';25;(;1102;2836;);(;1052;2836;)
wire;'+12V';25;(;1052;2836;);(;1052;2571;)
wire;'+12V';25;(;1052;2571;);(;1002;2571;)
wire;'+12V';25;(;1002;2571;);(;1002;2836;)
wire;'+12V';25;(;1002;2836;);(;952;2836;)
wire;'+12V';25;(;952;2836;);(;952;2571;)
wire;'+12V';25;(;952;2571;);(;902;2571;)
wire;'+12V';25;(;902;2571;);(;902;2836;)
wire;'+12V';25;(;902;2836;);(;852;2836;)
wire;'+12V';25;(;852;2836;);(;852;2571;)
wire;'+12V';25;(;852;2571;);(;818;2571;)
wire;'+12V';25;(;818;2571;);(;818;2836;)
wire;'+12V';25;(;818;2836;);(;784;2836;)
wire;'+12V';25;(;784;2836;);(;784;2571;)
wire;'+12V';25;(;784;2571;);(;750;2571;)
wire;'+12V';25;(;750;2571;);(;750;2836;)
wire;'+12V';25;(;750;2836;);(;717;2836;)
wire;'+12V';25;(;717;2836;);(;717;2571;)
wire;'+12V';25;(;717;2571;);(;684;2571;)
wire;'+12V';25;(;684;2571;);(;684;2836;)
wire;'+12V';25;(;684;2836;);(;651;2836;)
wire;'+12V';25;(;651;2836;);(;651;2571;)
wire;'+12V';25;(;651;2571;);(;618;2571;)
wire;'+12V';25;(;618;2571;);(;618;2836;)
wire;'+12V';25;(;618;2836;);(;585;2836;)
wire;'+12V';25;(;585;2836;);(;585;2571;)
wire;'+12V';25;(;585;2571;);(;552;2571;)
wire;'+12V';25;(;552;2571;);(;552;2836;)
wire;'+12V';25;(;552;2836;);(;519;2836;)
wire;'+12V';25;(;519;2836;);(;519;2571;)
wire;'+12V';25;(;519;2571;);(;486;2571;)
wire;'+12V';25;(;486;2571;);(;486;2836;)
wire;'+12V';25;(;486;2836;);(;453;2836;)
wire;'+12V';25;(;453;2836;);(;453;2571;)
wire;'+12V';25;(;453;2571;);(;420;2571;)
wire;'+12V';25;(;420;2571;);(;420;2836;)
wire;'+12V';25;(;420;2836;);(;387;2836;)
wire;'+12V';25;(;387;2836;);(;387;2571;)
wire;'+12V';25;(;387;2571;);(;354;2571;)
wire;'+12V';25;(;354;2571;);(;354;2836;)
wire;'+12V';25;(;354;2836;);(;320;2836;)
wire;'+12V';25;(;320;2836;);(;320;2571;)
wire;'+12V';25;(;320;2571;);(;286;2571;)
wire;'+12V';25;(;286;2571;);(;286;2836;)
wire;'+12V';25;(;286;2836;);(;252;2836;)
wire;'+12V';25;(;252;2836;);(;252;2521;)
wire;'+12V';25;(;252;2521;);(;290;2521;)
wire;'+12V';25;(;290;2521;);(;290;2256;)
wire;'+12V';25;(;290;2256;);(;328;2256;)
wire;'+12V';25;(;328;2256;);(;328;2521;)
wire;'+12V';25;(;328;2521;);(;366;2521;)
wire;'+12V';25;(;366;2521;);(;366;2256;)
wire;'+12V';25;(;366;2256;);(;404;2256;)
wire;'+12V';25;(;404;2256;);(;404;2521;)
wire;'+12V';25;(;404;2521;);(;441;2521;)
wire;'+12V';25;(;441;2521;);(;441;2256;)
wire;'+12V';25;(;441;2256;);(;478;2256;)
wire;'+12V';25;(;478;2256;);(;478;2521;)
wire;'+12V';25;(;478;2521;);(;515;2521;)
wire;'+12V';25;(;515;2521;);(;515;2256;)
wire;'+12V';25;(;515;2256;);(;552;2256;)
wire;'+12V';25;(;552;2256;);(;552;2521;)
wire;'+12V';25;(;552;2521;);(;589;2521;)
wire;'+12V';25;(;589;2521;);(;589;2256;)
wire;'+12V';25;(;589;2256;);(;626;2256;)
wire;'+12V';25;(;626;2256;);(;626;2521;)
wire;'+12V';25;(;626;2521;);(;663;2521;)
wire;'+12V';25;(;663;2521;);(;663;2256;)
wire;'+12V';25;(;663;2256;);(;700;2256;)
wire;'+12V';25;(;700;2256;);(;700;2521;)
wire;'+12V';25;(;700;2521;);(;738;2521;)
wire;'+12V';25;(;738;2521;);(;738;2256;)
wire;'+12V';25;(;738;2256;);(;776;2256;)
wire;'+12V';25;(;776;2256;);(;776;2521;)
wire;'+12V';25;(;776;2521;);(;814;2521;)
wire;'+12V';25;(;814;2521;);(;814;2256;)
wire;'+12V';25;(;814;2256;);(;852;2256;)
wire;'+12V';25;(;852;2256;);(;852;2521;)
wire;'+12V';25;(;852;2521;);(;902;2521;)
wire;'+12V';25;(;902;2521;);(;902;2256;)
wire;'+12V';25;(;902;2256;);(;952;2256;)
wire;'+12V';25;(;952;2256;);(;952;2521;)
wire;'+12V';25;(;952;2521;);(;1002;2521;)
wire;'+12V';25;(;1002;2521;);(;1002;2256;)
wire;'+12V';25;(;1002;2256;);(;1052;2256;)
wire;'+12V';25;(;1052;2256;);(;1052;2521;)
wire;'+12V';25;(;1052;2521;);(;1102;2521;)
wire;'+12V';25;(;1102;2521;);(;1102;2256;)
wire;'+12V';25;(;1102;2256;);(;1152;2256;)
wire;'+12V';25;(;1152;2256;);(;1152;2521;)
wire;'+12V';25;(;1152;2521;);(;1202;2521;)
wire;'+12V';25;(;1202;2521;);(;1202;2256;)
wire;'+12V';25;(;1202;2256;);(;1252;2256;)
wire;'+12V';25;(;1252;2256;);(;1252;2521;)
wire;'+12V';25;(;1252;2521;);(;1302;2521;)
wire;'+12V';25;(;1302;2521;);(;1302;2256;)
wire;'+12V';25;(;1302;2256;);(;1352;2256;)
wire;'+12V';25;(;1352;2256;);(;1352;2521;)
wire;'+12V';25;(;1352;2521;);(;1402;2521;)
wire;'+12V';25;(;1402;2521;);(;1402;2256;)
wire;'+12V';25;(;1402;2256;);(;1452;2256;)
wire;'+12V';25;(;1452;2256;);(;1452;2521;)
wire;'+12V';25;(;1452;2521;);(;1527;2521;)
wire;'+12V';25;(;1527;2521;);(;1527;2256;)
wire;'+12V';25;(;1527;2256;);(;1602;2256;)
wire;'+12V';25;(;1602;2256;);(;1602;2521;)
wire;'+12V';25;(;1602;2521;);(;1677;2521;)
wire;'+12V';25;(;1677;2521;);(;1677;2256;)
wire;'+12V';25;(;1677;2256;);(;1752;2256;)
wire;'+12V';25;(;1752;2256;);(;1752;2521;)
wire;'+12V';25;(;1752;2521;);(;1827;2521;)
wire;'+12V';25;(;1827;2521;);(;1827;2256;)
wire;'+12V';25;(;1827;2256;);(;1902;2256;)
wire;'+12V';25;(;1902;2256;);(;1902;2521;)
wire;'+12V';25;(;1902;2521;);(;1977;2521;)
wire;'+12V';25;(;1977;2521;);(;1977;2256;)
wire;'+12V';25;(;1977;2256;);(;2052;2256;)
wire;'+12V';25;(;2052;2256;);(;2052;2521;)
wire;'+12V';25;(;2052;2521;);(;2152;2521;)
wire;'+12V';25;(;2152;2521;);(;2152;2256;)
wire;'+12V';25;(;2152;2256;);(;2252;2256;)
wire;'+12V';25;(;2252;2256;);(;2252;2521;)
wire;'+12V';25;(;2252;2521;);(;2352;2521;)
wire;'+12V';25;(;2352;2521;);(;2352;2256;)
wire;'+12V';25;(;2352;2256;);(;2452;2256;)
wire;'+12V';25;(;2452;2256;);(;2452;2521;)
wire;'+12V';25;(;2452;2521;);(;2552;2521;)
wire;'+12V';25;(;2552;2521;);(;2552;2256;)
wire;'+12V';25;(;2552;2256;);(;2652;2256;)
wire;'+12V';25;(;2652;2256;);(;2652;2521;)
wire;'+12V';25;(;2652;2521;);(;2692;2521;)
wire;'+12V';25;(;2692;2521;);(;2792;2521;)
wire;'+12V';25;(;2792;2521;);(;2792;2256;)
wire;'+12V';25;(;2792;2256;);(;2892;2256;)
wire;'+12V';25;(;2892;2256;);(;2892;2521;)
wire;'+12V';25;(;2892;2521;);(;2992;2521;)
wire;'+12V';25;(;2992;2521;);(;2992;2256;)
wire;'+12V';25;(;2992;2256;);(;3092;2256;)
wire;'+12V';25;(;3092;2256;);(;3092;2521;)
wire;'+12V';25;(;3092;2521;);(;3192;2521;)
wire;'+12V';25;(;3192;2521;);(;3192;2256;)
wire;'+12V';25;(;3192;2256;);(;3292;2256;)
wire;'+12V';25;(;3292;2256;);(;3292;2521;)
wire;'+12V';25;(;3292;2521;);(;3367;2521;)
wire;'+12V';25;(;3367;2521;);(;3367;2256;)
wire;'+12V';25;(;3367;2256;);(;3442;2256;)
wire;'+12V';25;(;3442;2256;);(;3442;2521;)
wire;'+12V';25;(;3442;2521;);(;3517;2521;)
wire;'+12V';25;(;3517;2521;);(;3517;2256;)
wire;'+12V';25;(;3517;2256;);(;3592;2256;)
wire;'+12V';25;(;3592;2256;);(;3592;2521;)
wire;'+12V';25;(;3592;2521;);(;3667;2521;)
wire;'+12V';25;(;3667;2521;);(;3667;2256;)
wire;'+12V';25;(;3667;2256;);(;3742;2256;)
wire;'+12V';25;(;3742;2256;);(;3742;2521;)
wire;'+12V';25;(;3742;2521;);(;3817;2521;)
wire;'+12V';25;(;3817;2521;);(;3817;2256;)
wire;'+12V';25;(;3817;2256;);(;3892;2256;)
wire;'+12V';25;(;3892;2256;);(;3892;2521;)
wire;'+12V';25;(;3892;2521;);(;3942;2521;)
wire;'+12V';25;(;3942;2521;);(;3942;2256;)
wire;'+12V';25;(;3942;2256;);(;3992;2256;)
wire;'+12V';25;(;3992;2256;);(;3992;2521;)
wire;'+12V';25;(;3992;2521;);(;4042;2521;)
wire;'+12V';25;(;4042;2521;);(;4042;2256;)
wire;'+12V';25;(;4042;2256;);(;4092;2256;)
wire;'+12V';25;(;4092;2256;);(;4092;2521;)
wire;'+12V';25;(;4092;2521;);(;4142;2521;)
wire;'+12V';25;(;4142;2521;);(;4142;2256;)
wire;'+12V';25;(;4142;2256;);(;4192;2256;)
wire;'+12V';25;(;4192;2256;);(;4192;2521;)
wire;'+12V';25;(;4192;2521;);(;4242;2521;)
wire;'+12V';25;(;4242;2521;);(;4242;2256;)
wire;'+12V';25;(;4242;2256;);(;4292;2256;)
wire;'+12V';25;(;4292;2256;);(;4292;2521;)
wire;'+12V';25;(;4292;2521;);(;4342;2521;)
wire;'+12V';25;(;4342;2521;);(;4342;2256;)
wire;'+12V';25;(;4342;2256;);(;4392;2256;)
wire;'+12V';25;(;4392;2256;);(;4392;2521;)
wire;'+12V';25;(;4392;2521;);(;4442;2521;)
wire;'+12V';25;(;4442;2521;);(;4442;2256;)
wire;'+12V';25;(;4442;2256;);(;4492;2256;)
wire;'+12V';25;(;4492;2256;);(;4492;2521;)
wire;'+12V';25;(;4492;2521;);(;4530;2521;)
wire;'+12V';25;(;4530;2521;);(;4530;2256;)
wire;'+12V';25;(;4530;2256;);(;4568;2256;)
wire;'+12V';25;(;4568;2256;);(;4568;2521;)
wire;'+12V';25;(;4568;2521;);(;4606;2521;)
wire;'+12V';25;(;4606;2521;);(;4606;2256;)
wire;'+12V';25;(;4606;2256;);(;4644;2256;)
wire;'+12V';25;(;4644;2256;);(;4644;2521;)
wire;'+12V';25;(;4644;2521;);(;4681;2521;)
wire;'+12V';25;(;4681;2521;);(;4681;2256;)
wire;'+12V';25;(;4681;2256;);(;4718;2256;)
wire;'+12V';25;(;4718;2256;);(;4718;2521;)
wire;'+12V';25;(;4718;2521;);(;4755;2521;)
wire;'+12V';25;(;4755;2521;);(;4755;2256;)
wire;'+12V';25;(;4755;2256;);(;4792;2256;)
wire;'+12V';25;(;4792;2256;);(;4792;2521;)
wire;'+12V';25;(;4792;2521;);(;4829;2521;)
wire;'+12V';25;(;4829;2521;);(;4829;2256;)
wire;'+12V';25;(;4829;2256;);(;4866;2256;)
wire;'+12V';25;(;4866;2256;);(;4866;2521;)
wire;'+12V';25;(;4866;2521;);(;4903;2521;)
wire;'+12V';25;(;4903;2521;);(;4903;2256;)
wire;'+12V';25;(;4903;2256;);(;4940;2256;)
wire;'+12V';25;(;4940;2256;);(;4940;2521;)
wire;'+12V';25;(;4940;2521;);(;4978;2521;)
wire;'+12V';25;(;4978;2521;);(;4978;2256;)
wire;'+12V';25;(;4978;2256;);(;5016;2256;)
wire;'+12V';25;(;5016;2256;);(;5016;2521;)
wire;'+12V';25;(;5016;2521;);(;5054;2521;)
wire;'+12V';25;(;5054;2521;);(;5054;2256;)
wire;'+12V';25;(;5054;2256;);(;5092;2256;)
wire;'+12V';25;(;5092;2256;);(;5092;2521;)
wire;'+12V';25;(;5092;2521;);(;5132;2521;)
wire;'+12V';25;(;5132;2521;);(;5132;2206;)
wire;'+12V';25;(;5132;2206;);(;5092;2206;)
wire;'+12V';25;(;5092;2206;);(;5092;1941;)
wire;'+12V';25;(;5092;1941;);(;5049;1941;)
wire;'+12V';25;(;5049;1941;);(;5049;2206;)
wire;'+12V';25;(;5049;2206;);(;5006;2206;)
wire;'+12V';25;(;5006;2206;);(;5006;1941;)
wire;'+12V';25;(;5006;1941;);(;4963;1941;)
wire;'+12V';25;(;4963;1941;);(;4963;2206;)
wire;'+12V';25;(;4963;2206;);(;4920;2206;)
wire;'+12V';25;(;4920;2206;);(;4920;1941;)
wire;'+12V';25;(;4920;1941;);(;4877;1941;)
wire;'+12V';25;(;4877;1941;);(;4877;2206;)
wire;'+12V';25;(;4877;2206;);(;4834;2206;)
wire;'+12V';25;(;4834;2206;);(;4834;1941;)
wire;'+12V';25;(;4834;1941;);(;4792;1941;)
wire;'+12V';25;(;4792;1941;);(;4792;2206;)
wire;'+12V';25;(;4792;2206;);(;4750;2206;)
wire;'+12V';25;(;4750;2206;);(;4750;1941;)
wire;'+12V';25;(;4750;1941;);(;4707;1941;)
wire;'+12V';25;(;4707;1941;);(;4707;2206;)
wire;'+12V';25;(;4707;2206;);(;4664;2206;)
wire;'+12V';25;(;4664;2206;);(;4664;1941;)
wire;'+12V';25;(;4664;1941;);(;4621;1941;)
wire;'+12V';25;(;4621;1941;);(;4621;2206;)
wire;'+12V';25;(;4621;2206;);(;4578;2206;)
wire;'+12V';25;(;4578;2206;);(;4578;1941;)
wire;'+12V';25;(;4578;1941;);(;4535;1941;)
wire;'+12V';25;(;4535;1941;);(;4535;2206;)
wire;'+12V';25;(;4535;2206;);(;4492;2206;)
wire;'+12V';25;(;4492;2206;);(;4492;1941;)
wire;'+12V';25;(;4492;1941;);(;4432;1941;)
wire;'+12V';25;(;4432;1941;);(;4432;2206;)
wire;'+12V';25;(;4432;2206;);(;4372;2206;)
wire;'+12V';25;(;4372;2206;);(;4372;1941;)
wire;'+12V';25;(;4372;1941;);(;4312;1941;)
wire;'+12V';25;(;4312;1941;);(;4312;2206;)
wire;'+12V';25;(;4312;2206;);(;4252;2206;)
wire;'+12V';25;(;4252;2206;);(;4252;1941;)
wire;'+12V';25;(;4252;1941;);(;4192;1941;)
wire;'+12V';25;(;4192;1941;);(;4192;2206;)
wire;'+12V';25;(;4192;2206;);(;4132;2206;)
wire;'+12V';25;(;4132;2206;);(;4132;1941;)
wire;'+12V';25;(;4132;1941;);(;4072;1941;)
wire;'+12V';25;(;4072;1941;);(;4072;2206;)
wire;'+12V';25;(;4072;2206;);(;4012;2206;)
wire;'+12V';25;(;4012;2206;);(;4012;1941;)
wire;'+12V';25;(;4012;1941;);(;3952;1941;)
wire;'+12V';25;(;3952;1941;);(;3952;2206;)
wire;'+12V';25;(;3952;2206;);(;3892;2206;)
wire;'+12V';25;(;3892;2206;);(;3892;1941;)
wire;'+12V';25;(;3892;1941;);(;3792;1941;)
wire;'+12V';25;(;3792;1941;);(;3792;2206;)
wire;'+12V';25;(;3792;2206;);(;3692;2206;)
wire;'+12V';25;(;3692;2206;);(;3692;1941;)
wire;'+12V';25;(;3692;1941;);(;3592;1941;)
wire;'+12V';25;(;3592;1941;);(;3592;2206;)
wire;'+12V';25;(;3592;2206;);(;3492;2206;)
wire;'+12V';25;(;3492;2206;);(;3492;1941;)
wire;'+12V';25;(;3492;1941;);(;3392;1941;)
wire;'+12V';25;(;3392;1941;);(;3392;2206;)
wire;'+12V';25;(;3392;2206;);(;3292;2206;)
wire;'+12V';25;(;3292;2206;);(;3292;1941;)
wire;'+12V';25;(;3292;1941;);(;3192;1941;)
wire;'+12V';25;(;3192;1941;);(;3192;2206;)
wire;'+12V';25;(;3192;2206;);(;3092;2206;)
wire;'+12V';25;(;3092;2206;);(;3092;1941;)
wire;'+12V';25;(;3092;1941;);(;2992;1941;)
wire;'+12V';25;(;2992;1941;);(;2992;2206;)
wire;'+12V';25;(;2992;2206;);(;2892;2206;)
wire;'+12V';25;(;2892;2206;);(;2892;1941;)
wire;'+12V';25;(;2892;1941;);(;2792;1941;)
wire;'+12V';25;(;2792;1941;);(;2792;2206;)
wire;'+12V';25;(;2792;2206;);(;2692;2206;)
wire;'+12V';25;(;2692;2206;);(;2652;2206;)
wire;'+12V';25;(;2652;2206;);(;2652;1941;)
wire;'+12V';25;(;2652;1941;);(;2552;1941;)
wire;'+12V';25;(;2552;1941;);(;2552;2206;)
wire;'+12V';25;(;2552;2206;);(;2452;2206;)
wire;'+12V';25;(;2452;2206;);(;2452;1941;)
wire;'+12V';25;(;2452;1941;);(;2352;1941;)
wire;'+12V';25;(;2352;1941;);(;2352;2206;)
wire;'+12V';25;(;2352;2206;);(;2252;2206;)
wire;'+12V';25;(;2252;2206;);(;2252;1941;)
wire;'+12V';25;(;2252;1941;);(;2152;1941;)
wire;'+12V';25;(;2152;1941;);(;2152;2206;)
wire;'+12V';25;(;2152;2206;);(;2052;2206;)
wire;'+12V';25;(;2052;2206;);(;2052;1941;)
wire;'+12V';25;(;2052;1941;);(;1952;1941;)
wire;'+12V';25;(;1952;1941;);(;1952;2206;)
wire;'+12V';25;(;1952;2206;);(;1852;2206;)
wire;'+12V';25;(;1852;2206;);(;1852;1941;)
wire;'+12V';25;(;1852;1941;);(;1752;1941;)
wire;'+12V';25;(;1752;1941;);(;1752;2206;)
wire;'+12V';25;(;1752;2206;);(;1652;2206;)
wire;'+12V';25;(;1652;2206;);(;1652;1941;)
wire;'+12V';25;(;1652;1941;);(;1552;1941;)
wire;'+12V';25;(;1552;1941;);(;1552;2206;)
wire;'+12V';25;(;1552;2206;);(;1452;2206;)
wire;'+12V';25;(;1452;2206;);(;1452;1941;)
wire;'+12V';25;(;1452;1941;);(;1392;1941;)
wire;'+12V';25;(;1392;1941;);(;1392;2206;)
wire;'+12V';25;(;1392;2206;);(;1332;2206;)
wire;'+12V';25;(;1332;2206;);(;1332;1941;)
wire;'+12V';25;(;1332;1941;);(;1272;1941;)
wire;'+12V';25;(;1272;1941;);(;1272;2206;)
wire;'+12V';25;(;1272;2206;);(;1212;2206;)
wire;'+12V';25;(;1212;2206;);(;1212;1941;)
wire;'+12V';25;(;1212;1941;);(;1152;1941;)
wire;'+12V';25;(;1152;1941;);(;1152;2206;)
wire;'+12V';25;(;1152;2206;);(;1092;2206;)
wire;'+12V';25;(;1092;2206;);(;1092;1941;)
wire;'+12V';25;(;1092;1941;);(;1032;1941;)
wire;'+12V';25;(;1032;1941;);(;1032;2206;)
wire;'+12V';25;(;1032;2206;);(;972;2206;)
wire;'+12V';25;(;972;2206;);(;972;1941;)
wire;'+12V';25;(;972;1941;);(;912;1941;)
wire;'+12V';25;(;912;1941;);(;912;2206;)
wire;'+12V';25;(;912;2206;);(;852;2206;)
wire;'+12V';25;(;852;2206;);(;852;1941;)
wire;'+12V';25;(;852;1941;);(;809;1941;)
wire;'+12V';25;(;809;1941;);(;809;2206;)
wire;'+12V';25;(;809;2206;);(;766;2206;)
wire;'+12V';25;(;766;2206;);(;766;1941;)
wire;'+12V';25;(;766;1941;);(;723;1941;)
wire;'+12V';25;(;723;1941;);(;723;2206;)
wire;'+12V';25;(;723;2206;);(;680;2206;)
wire;'+12V';25;(;680;2206;);(;680;1941;)
wire;'+12V';25;(;680;1941;);(;637;1941;)
wire;'+12V';25;(;637;1941;);(;637;2206;)
wire;'+12V';25;(;637;2206;);(;594;2206;)
wire;'+12V';25;(;594;2206;);(;594;1941;)
wire;'+12V';25;(;594;1941;);(;552;1941;)
wire;'+12V';25;(;552;1941;);(;552;2206;)
wire;'+12V';25;(;552;2206;);(;510;2206;)
wire;'+12V';25;(;510;2206;);(;510;1941;)
wire;'+12V';25;(;510;1941;);(;467;1941;)
wire;'+12V';25;(;467;1941;);(;467;2206;)
wire;'+12V';25;(;467;2206;);(;424;2206;)
wire;'+12V';25;(;424;2206;);(;424;1941;)
wire;'+12V';25;(;424;1941;);(;381;1941;)
wire;'+12V';25;(;381;1941;);(;381;2206;)
wire;'+12V';25;(;381;2206;);(;338;2206;)
wire;'+12V';25;(;338;2206;);(;338;1941;)
wire;'+12V';25;(;338;1941;);(;295;1941;)
wire;'+12V';25;(;295;1941;);(;295;2206;)
wire;'+12V';25;(;295;2206;);(;252;2206;)
wire;'+12V';25;(;252;2206;);(;252;1551;)
wire;'+12V';25;(;252;1551;);(;295;1551;)
wire;'+12V';25;(;295;1551;);(;295;1816;)
wire;'+12V';25;(;295;1816;);(;338;1816;)
wire;'+12V';25;(;338;1816;);(;338;1551;)
wire;'+12V';25;(;338;1551;);(;381;1551;)
wire;'+12V';25;(;381;1551;);(;381;1816;)
wire;'+12V';25;(;381;1816;);(;424;1816;)
wire;'+12V';25;(;424;1816;);(;424;1551;)
wire;'+12V';25;(;424;1551;);(;467;1551;)
wire;'+12V';25;(;467;1551;);(;467;1816;)
wire;'+12V';25;(;467;1816;);(;510;1816;)
wire;'+12V';25;(;510;1816;);(;510;1551;)
wire;'+12V';25;(;510;1551;);(;552;1551;)
wire;'+12V';25;(;552;1551;);(;552;1816;)
wire;'+12V';25;(;552;1816;);(;594;1816;)
wire;'+12V';25;(;594;1816;);(;594;1551;)
wire;'+12V';25;(;594;1551;);(;637;1551;)
wire;'+12V';25;(;637;1551;);(;637;1816;)
wire;'+12V';25;(;637;1816;);(;680;1816;)
wire;'+12V';25;(;680;1816;);(;680;1551;)
wire;'+12V';25;(;680;1551;);(;723;1551;)
wire;'+12V';25;(;723;1551;);(;723;1816;)
wire;'+12V';25;(;723;1816;);(;766;1816;)
wire;'+12V';25;(;766;1816;);(;766;1551;)
wire;'+12V';25;(;766;1551;);(;809;1551;)
wire;'+12V';25;(;809;1551;);(;809;1816;)
wire;'+12V';25;(;809;1816;);(;852;1816;)
wire;'+12V';25;(;852;1816;);(;852;1551;)
wire;'+12V';25;(;852;1551;);(;912;1551;)
wire;'+12V';25;(;912;1551;);(;912;1816;)
wire;'+12V';25;(;912;1816;);(;972;1816;)
wire;'+12V';25;(;972;1816;);(;972;1551;)
wire;'+12V';25;(;972;1551;);(;1032;1551;)
wire;'+12V';25;(;1032;1551;);(;1032;1816;)
wire;'+12V';25;(;1032;1816;);(;1092;1816;)
wire;'+12V';25;(;1092;1816;);(;1092;1551;)
wire;'+12V';25;(;1092;1551;);(;1152;1551;)
wire;'+12V';25;(;1152;1551;);(;1152;1816;)
wire;'+12V';25;(;1152;1816;);(;1212;1816;)
wire;'+12V';25;(;1212;1816;);(;1212;1551;)
wire;'+12V';25;(;1212;1551;);(;1272;1551;)
wire;'+12V';25;(;1272;1551;);(;1272;1816;)
wire;'+12V';25;(;1272;1816;);(;1332;1816;)
wire;'+12V';25;(;1332;1816;);(;1332;1551;)
wire;'+12V';25;(;1332;1551;);(;1392;1551;)
wire;'+12V';25;(;1392;1551;);(;1392;1816;)
wire;'+12V';25;(;1392;1816;);(;1452;1816;)
wire;'+12V';25;(;1452;1816;);(;1452;1551;)
wire;'+12V';25;(;1452;1551;);(;1552;1551;)
wire;'+12V';25;(;1552;1551;);(;1552;1816;)
wire;'+12V';25;(;1552;1816;);(;1652;1816;)
wire;'+12V';25;(;1652;1816;);(;1652;1551;)
wire;'+12V';25;(;1652;1551;);(;1752;1551;)
wire;'+12V';25;(;1752;1551;);(;1752;1816;)
wire;'+12V';25;(;1752;1816;);(;1852;1816;)
wire;'+12V';25;(;1852;1816;);(;1852;1551;)
wire;'+12V';25;(;1852;1551;);(;1952;1551;)
wire;'+12V';25;(;1952;1551;);(;1952;1816;)
wire;'+12V';25;(;1952;1816;);(;2052;1816;)
wire;'+12V';25;(;2052;1816;);(;2052;1551;)
wire;'+12V';25;(;2052;1551;);(;2152;1551;)
wire;'+12V';25;(;2152;1551;);(;2152;1816;)
wire;'+12V';25;(;2152;1816;);(;2252;1816;)
wire;'+12V';25;(;2252;1816;);(;2252;1551;)
wire;'+12V';25;(;2252;1551;);(;2352;1551;)
wire;'+12V';25;(;2352;1551;);(;2352;1816;)
wire;'+12V';25;(;2352;1816;);(;2452;1816;)
wire;'+12V';25;(;2452;1816;);(;2452;1551;)
wire;'+12V';25;(;2452;1551;);(;2552;1551;)
wire;'+12V';25;(;2552;1551;);(;2552;1816;)
wire;'+12V';25;(;2552;1816;);(;2652;1816;)
wire;'+12V';25;(;2652;1816;);(;2652;1551;)
wire;'+12V';25;(;2652;1551;);(;2692;1551;)
wire;'+12V';25;(;2692;1551;);(;2792;1551;)
wire;'+12V';25;(;2792;1551;);(;2792;1816;)
wire;'+12V';25;(;2792;1816;);(;2892;1816;)
wire;'+12V';25;(;2892;1816;);(;2892;1551;)
wire;'+12V';25;(;2892;1551;);(;2992;1551;)
wire;'+12V';25;(;2992;1551;);(;2992;1816;)
wire;'+12V';25;(;2992;1816;);(;3092;1816;)
wire;'+12V';25;(;3092;1816;);(;3092;1551;)
wire;'+12V';25;(;3092;1551;);(;3192;1551;)
wire;'+12V';25;(;3192;1551;);(;3192;1816;)
wire;'+12V';25;(;3192;1816;);(;3292;1816;)
wire;'+12V';25;(;3292;1816;);(;3292;1551;)
wire;'+12V';25;(;3292;1551;);(;3392;1551;)
wire;'+12V';25;(;3392;1551;);(;3392;1816;)
wire;'+12V';25;(;3392;1816;);(;3492;1816;)
wire;'+12V';25;(;3492;1816;);(;3492;1551;)
wire;'+12V';25;(;3492;1551;);(;3592;1551;)
wire;'+12V';25;(;3592;1551;);(;3592;1816;)
wire;'+12V';25;(;3592;1816;);(;3692;1816;)
wire;'+12V';25;(;3692;1816;);(;3692;1551;)
wire;'+12V';25;(;3692;1551;);(;3792;1551;)
wire;'+12V';25;(;3792;1551;);(;3792;1816;)
wire;'+12V';25;(;3792;1816;);(;3892;1816;)
wire;'+12V';25;(;3892;1816;);(;3892;1551;)
wire;'+12V';25;(;3892;1551;);(;3952;1551;)
wire;'+12V';25;(;3952;1551;);(;3952;1816;)
wire;'+12V';25;(;3952;1816;);(;4012;1816;)
wire;'+12V';25;(;4012;1816;);(;4012;1551;)
wire;'+12V';25;(;4012;1551;);(;4072;1551;)
wire;'+12V';25;(;4072;1551;);(;4072;1816;)
wire;'+12V';25;(;4072;1816;);(;4132;1816;)
wire;'+12V';25;(;4132;1816;);(;4132;1551;)
wire;'+12V';25;(;4132;1551;);(;4192;1551;)
wire;'+12V';25;(;4192;1551;);(;4192;1816;)
wire;'+12V';25;(;4192;1816;);(;4252;1816;)
wire;'+12V';25;(;4252;1816;);(;4252;1551;)
wire;'+12V';25;(;4252;1551;);(;4312;1551;)
wire;'+12V';25;(;4312;1551;);(;4312;1816;)
wire;'+12V';25;(;4312;1816;);(;4372;1816;)
wire;'+12V';25;(;4372;1816;);(;4372;1551;)
wire;'+12V';25;(;4372;1551;);(;4432;1551;)
wire;'+12V';25;(;4432;1551;);(;4432;1816;)
wire;'+12V';25;(;4432;1816;);(;4492;1816;)
wire;'+12V';25;(;4492;1816;);(;4492;1551;)
wire;'+12V';25;(;4492;1551;);(;4535;1551;)
wire;'+12V';25;(;4535;1551;);(;4535;1816;)
wire;'+12V';25;(;4535;1816;);(;4578;1816;)
wire;'+12V';25;(;4578;1816;);(;4578;1551;)
wire;'+12V';25;(;4578;1551;);(;4621;1551;)
wire;'+12V';25;(;4621;1551;);(;4621;1816;)
wire;'+12V';25;(;4621;1816;);(;4664;1816;)
wire;'+12V';25;(;4664;1816;);(;4664;1551;)
wire;'+12V';25;(;4664;1551;);(;4707;1551;)
wire;'+12V';25;(;4707;1551;);(;4707;1816;)
wire;'+12V';25;(;4707;1816;);(;4750;1816;)
wire;'+12V';25;(;4750;1816;);(;4750;1551;)
wire;'+12V';25;(;4750;1551;);(;4792;1551;)
wire;'+12V';25;(;4792;1551;);(;4792;1816;)
wire;'+12V';25;(;4792;1816;);(;4834;1816;)
wire;'+12V';25;(;4834;1816;);(;4834;1551;)
wire;'+12V';25;(;4834;1551;);(;4877;1551;)
wire;'+12V';25;(;4877;1551;);(;4877;1816;)
wire;'+12V';25;(;4877;1816;);(;4920;1816;)
wire;'+12V';25;(;4920;1816;);(;4920;1551;)
wire;'+12V';25;(;4920;1551;);(;4963;1551;)
wire;'+12V';25;(;4963;1551;);(;4963;1816;)
wire;'+12V';25;(;4963;1816;);(;5006;1816;)
wire;'+12V';25;(;5006;1816;);(;5006;1551;)
wire;'+12V';25;(;5006;1551;);(;5049;1551;)
wire;'+12V';25;(;5049;1551;);(;5049;1816;)
wire;'+12V';25;(;5049;1816;);(;5092;1816;)
wire;'+12V';25;(;5092;1816;);(;5092;1551;)
wire;'+12V';25;(;5092;1551;);(;5132;1551;)
wire;'+12V';25;(;5132;1551;);(;5132;1236;)
wire;'+12V';25;(;5132;1236;);(;5092;1236;)
wire;'+12V';25;(;5092;1236;);(;5092;1501;)
wire;'+12V';25;(;5092;1501;);(;5054;1501;)
wire;'+12V';25;(;5054;1501;);(;5054;1236;)
wire;'+12V';25;(;5054;1236;);(;5016;1236;)
wire;'+12V';25;(;5016;1236;);(;5016;1501;)
wire;'+12V';25;(;5016;1501;);(;4978;1501;)
wire;'+12V';25;(;4978;1501;);(;4978;1236;)
wire;'+12V';25;(;4978;1236;);(;4940;1236;)
wire;'+12V';25;(;4940;1236;);(;4940;1501;)
wire;'+12V';25;(;4940;1501;);(;4903;1501;)
wire;'+12V';25;(;4903;1501;);(;4903;1236;)
wire;'+12V';25;(;4903;1236;);(;4866;1236;)
wire;'+12V';25;(;4866;1236;);(;4866;1501;)
wire;'+12V';25;(;4866;1501;);(;4829;1501;)
wire;'+12V';25;(;4829;1501;);(;4829;1236;)
wire;'+12V';25;(;4829;1236;);(;4792;1236;)
wire;'+12V';25;(;4792;1236;);(;4792;1501;)
wire;'+12V';25;(;4792;1501;);(;4755;1501;)
wire;'+12V';25;(;4755;1501;);(;4755;1236;)
wire;'+12V';25;(;4755;1236;);(;4718;1236;)
wire;'+12V';25;(;4718;1236;);(;4718;1501;)
wire;'+12V';25;(;4718;1501;);(;4681;1501;)
wire;'+12V';25;(;4681;1501;);(;4681;1236;)
wire;'+12V';25;(;4681;1236;);(;4644;1236;)
wire;'+12V';25;(;4644;1236;);(;4644;1501;)
wire;'+12V';25;(;4644;1501;);(;4606;1501;)
wire;'+12V';25;(;4606;1501;);(;4606;1236;)
wire;'+12V';25;(;4606;1236;);(;4568;1236;)
wire;'+12V';25;(;4568;1236;);(;4568;1501;)
wire;'+12V';25;(;4568;1501;);(;4530;1501;)
wire;'+12V';25;(;4530;1501;);(;4530;1236;)
wire;'+12V';25;(;4530;1236;);(;4492;1236;)
wire;'+12V';25;(;4492;1236;);(;4492;1501;)
wire;'+12V';25;(;4492;1501;);(;4449;1501;)
wire;'+12V';25;(;4449;1501;);(;4449;1236;)
wire;'+12V';25;(;4449;1236;);(;4406;1236;)
wire;'+12V';25;(;4406;1236;);(;4406;1501;)
wire;'+12V';25;(;4406;1501;);(;4363;1501;)
wire;'+12V';25;(;4363;1501;);(;4363;1236;)
wire;'+12V';25;(;4363;1236;);(;4320;1236;)
wire;'+12V';25;(;4320;1236;);(;4320;1501;)
wire;'+12V';25;(;4320;1501;);(;4277;1501;)
wire;'+12V';25;(;4277;1501;);(;4277;1236;)
wire;'+12V';25;(;4277;1236;);(;4234;1236;)
wire;'+12V';25;(;4234;1236;);(;4234;1501;)
wire;'+12V';25;(;4234;1501;);(;4192;1501;)
wire;'+12V';25;(;4192;1501;);(;4192;1236;)
wire;'+12V';25;(;4192;1236;);(;4150;1236;)
wire;'+12V';25;(;4150;1236;);(;4150;1501;)
wire;'+12V';25;(;4150;1501;);(;4107;1501;)
wire;'+12V';25;(;4107;1501;);(;4107;1236;)
wire;'+12V';25;(;4107;1236;);(;4064;1236;)
wire;'+12V';25;(;4064;1236;);(;4064;1501;)
wire;'+12V';25;(;4064;1501;);(;4021;1501;)
wire;'+12V';25;(;4021;1501;);(;4021;1236;)
wire;'+12V';25;(;4021;1236;);(;3978;1236;)
wire;'+12V';25;(;3978;1236;);(;3978;1501;)
wire;'+12V';25;(;3978;1501;);(;3935;1501;)
wire;'+12V';25;(;3935;1501;);(;3935;1236;)
wire;'+12V';25;(;3935;1236;);(;3892;1236;)
wire;'+12V';25;(;3892;1236;);(;3892;1501;)
wire;'+12V';25;(;3892;1501;);(;3817;1501;)
wire;'+12V';25;(;3817;1501;);(;3817;1236;)
wire;'+12V';25;(;3817;1236;);(;3742;1236;)
wire;'+12V';25;(;3742;1236;);(;3742;1501;)
wire;'+12V';25;(;3742;1501;);(;3667;1501;)
wire;'+12V';25;(;3667;1501;);(;3667;1236;)
wire;'+12V';25;(;3667;1236;);(;3592;1236;)
wire;'+12V';25;(;3592;1236;);(;3592;1501;)
wire;'+12V';25;(;3592;1501;);(;3517;1501;)
wire;'+12V';25;(;3517;1501;);(;3517;1236;)
wire;'+12V';25;(;3517;1236;);(;3442;1236;)
wire;'+12V';25;(;3442;1236;);(;3442;1501;)
wire;'+12V';25;(;3442;1501;);(;3367;1501;)
wire;'+12V';25;(;3367;1501;);(;3367;1236;)
wire;'+12V';25;(;3367;1236;);(;3292;1236;)
wire;'+12V';25;(;3292;1236;);(;3292;1501;)
wire;'+12V';25;(;3292;1501;);(;3192;1501;)
wire;'+12V';25;(;3192;1501;);(;3192;1236;)
wire;'+12V';25;(;3192;1236;);(;3092;1236;)
wire;'+12V';25;(;3092;1236;);(;3092;1501;)
wire;'+12V';25;(;3092;1501;);(;2992;1501;)
wire;'+12V';25;(;2992;1501;);(;2992;1236;)
wire;'+12V';25;(;2992;1236;);(;2892;1236;)
wire;'+12V';25;(;2892;1236;);(;2892;1501;)
wire;'+12V';25;(;2892;1501;);(;2792;1501;)
wire;'+12V';25;(;2792;1501;);(;2792;1236;)
wire;'+12V';25;(;2792;1236;);(;2692;1236;)
wire;'+12V';25;(;2692;1236;);(;2652;1236;)
wire;'+12V';25;(;2652;1236;);(;2652;1501;)
wire;'+12V';25;(;2652;1501;);(;2552;1501;)
wire;'+12V';25;(;2552;1501;);(;2552;1236;)
wire;'+12V';25;(;2552;1236;);(;2452;1236;)
wire;'+12V';25;(;2452;1236;);(;2452;1501;)
wire;'+12V';25;(;2452;1501;);(;2352;1501;)
wire;'+12V';25;(;2352;1501;);(;2352;1236;)
wire;'+12V';25;(;2352;1236;);(;2252;1236;)
wire;'+12V';25;(;2252;1236;);(;2252;1501;)
wire;'+12V';25;(;2252;1501;);(;2152;1501;)
wire;'+12V';25;(;2152;1501;);(;2152;1236;)
wire;'+12V';25;(;2152;1236;);(;2052;1236;)
wire;'+12V';25;(;2052;1236;);(;2052;1501;)
wire;'+12V';25;(;2052;1501;);(;1977;1501;)
wire;'+12V';25;(;1977;1501;);(;1977;1236;)
wire;'+12V';25;(;1977;1236;);(;1902;1236;)
wire;'+12V';25;(;1902;1236;);(;1902;1501;)
wire;'+12V';25;(;1902;1501;);(;1827;1501;)
wire;'+12V';25;(;1827;1501;);(;1827;1236;)
wire;'+12V';25;(;1827;1236;);(;1752;1236;)
wire;'+12V';25;(;1752;1236;);(;1752;1501;)
wire;'+12V';25;(;1752;1501;);(;1677;1501;)
wire;'+12V';25;(;1677;1501;);(;1677;1236;)
wire;'+12V';25;(;1677;1236;);(;1602;1236;)
wire;'+12V';25;(;1602;1236;);(;1602;1501;)
wire;'+12V';25;(;1602;1501;);(;1527;1501;)
wire;'+12V';25;(;1527;1501;);(;1527;1236;)
wire;'+12V';25;(;1527;1236;);(;1452;1236;)
wire;'+12V';25;(;1452;1236;);(;1452;1501;)
wire;'+12V';25;(;1452;1501;);(;1409;1501;)
wire;'+12V';25;(;1409;1501;);(;1409;1236;)
wire;'+12V';25;(;1409;1236;);(;1366;1236;)
wire;'+12V';25;(;1366;1236;);(;1366;1501;)
wire;'+12V';25;(;1366;1501;);(;1323;1501;)
wire;'+12V';25;(;1323;1501;);(;1323;1236;)
wire;'+12V';25;(;1323;1236;);(;1280;1236;)
wire;'+12V';25;(;1280;1236;);(;1280;1501;)
wire;'+12V';25;(;1280;1501;);(;1237;1501;)
wire;'+12V';25;(;1237;1501;);(;1237;1236;)
wire;'+12V';25;(;1237;1236;);(;1194;1236;)
wire;'+12V';25;(;1194;1236;);(;1194;1501;)
wire;'+12V';25;(;1194;1501;);(;1152;1501;)
wire;'+12V';25;(;1152;1501;);(;1152;1236;)
wire;'+12V';25;(;1152;1236;);(;1110;1236;)
wire;'+12V';25;(;1110;1236;);(;1110;1501;)
wire;'+12V';25;(;1110;1501;);(;1067;1501;)
wire;'+12V';25;(;1067;1501;);(;1067;1236;)
wire;'+12V';25;(;1067;1236;);(;1024;1236;)
wire;'+12V';25;(;1024;1236;);(;1024;1501;)
wire;'+12V';25;(;1024;1501;);(;981;1501;)
wire;'+12V';25;(;981;1501;);(;981;1236;)
wire;'+12V';25;(;981;1236;);(;938;1236;)
wire;'+12V';25;(;938;1236;);(;938;1501;)
wire;'+12V';25;(;938;1501;);(;895;1501;)
wire;'+12V';25;(;895;1501;);(;895;1236;)
wire;'+12V';25;(;895;1236;);(;852;1236;)
wire;'+12V';25;(;852;1236;);(;852;1501;)
wire;'+12V';25;(;852;1501;);(;814;1501;)
wire;'+12V';25;(;814;1501;);(;814;1236;)
wire;'+12V';25;(;814;1236;);(;776;1236;)
wire;'+12V';25;(;776;1236;);(;776;1501;)
wire;'+12V';25;(;776;1501;);(;738;1501;)
wire;'+12V';25;(;738;1501;);(;738;1236;)
wire;'+12V';25;(;738;1236;);(;700;1236;)
wire;'+12V';25;(;700;1236;);(;700;1501;)
wire;'+12V';25;(;700;1501;);(;663;1501;)
wire;'+12V';25;(;663;1501;);(;663;1236;)
wire;'+12V';25;(;663;1236;);(;626;1236;)
wire;'+12V';25;(;626;1236;);(;626;1501;)
wire;'+12V';25;(;626;1501;);(;589;1501;)
wire;'+12V';25;(;589;1501;);(;589;1236;)
wire;'+12V';25;(;589;1236;);(;552;1236;)
wire;'+12V';25;(;552;1236;);(;552;1501;)
wire;'+12V';25;(;552;1501;);(;515;1501;)
wire;'+12V';25;(;515;1501;);(;515;1236;)
wire;'+12V';25;(;515;1236;);(;478;1236;)
wire;'+12V';25;(;478;1236;);(;478;1501;)
wire;'+12V';25;(;478;1501;);(;441;1501;)
wire;'+12V';25;(;441;1501;);(;441;1236;)
wire;'+12V';25;(;441;1236;);(;404;1236;)
wire;'+12V';25;(;404;1236;);(;404;1501;)
wire;'+12V';25;(;404;1501;);(;366;1501;)
wire;'+12V';25;(;366;1501;);(;366;1236;)
wire;'+12V';25;(;366;1236;);(;328;1236;)
wire;'+12V';25;(;328;1236;);(;328;1501;)
wire;'+12V';25;(;328;1501;);(;290;1501;)
wire;'+12V';25;(;290;1501;);(;290;1236;)
wire;'+12V';25;(;290;1236;);(;252;1236;)
wire;'+12V';25;(;252;1236;);(;252;921;)
wire;'+12V';25;(;252;921;);(;290;921;)
wire;'+12V';25;(;290;921;);(;290;1186;)
wire;'+12V';25;(;290;1186;);(;328;1186;)
wire;'+12V';25;(;328;1186;);(;328;921;)
wire;'+12V';25;(;328;921;);(;366;921;)
wire;'+12V';25;(;366;921;);(;366;1186;)
wire;'+12V';25;(;366;1186;);(;404;1186;)
wire;'+12V';25;(;404;1186;);(;404;921;)
wire;'+12V';25;(;404;921;);(;441;921;)
wire;'+12V';25;(;441;921;);(;441;1186;)
wire;'+12V';25;(;441;1186;);(;478;1186;)
wire;'+12V';25;(;478;1186;);(;478;921;)
wire;'+12V';25;(;478;921;);(;515;921;)
wire;'+12V';25;(;515;921;);(;515;1186;)
wire;'+12V';25;(;515;1186;);(;552;1186;)
wire;'+12V';25;(;552;1186;);(;552;921;)
wire;'+12V';25;(;552;921;);(;589;921;)
wire;'+12V';25;(;589;921;);(;589;1186;)
wire;'+12V';25;(;589;1186;);(;626;1186;)
wire;'+12V';25;(;626;1186;);(;626;921;)
wire;'+12V';25;(;626;921;);(;663;921;)
wire;'+12V';25;(;663;921;);(;663;1186;)
wire;'+12V';25;(;663;1186;);(;700;1186;)
wire;'+12V';25;(;700;1186;);(;700;921;)
wire;'+12V';25;(;700;921;);(;738;921;)
wire;'+12V';25;(;738;921;);(;738;1186;)
wire;'+12V';25;(;738;1186;);(;776;1186;)
wire;'+12V';25;(;776;1186;);(;776;921;)
wire;'+12V';25;(;776;921;);(;814;921;)
wire;'+12V';25;(;814;921;);(;814;1186;)
wire;'+12V';25;(;814;1186;);(;852;1186;)
wire;'+12V';25;(;852;1186;);(;852;921;)
wire;'+12V';25;(;852;921;);(;895;921;)
wire;'+12V';25;(;895;921;);(;895;1186;)
wire;'+12V';25;(;895;1186;);(;938;1186;)
wire;'+12V';25;(;938;1186;);(;938;921;)
wire;'+12V';25;(;938;921;);(;981;921;)
wire;'+12V';25;(;981;921;);(;981;1186;)
wire;'+12V';25;(;981;1186;);(;1024;1186;)
wire;'+12V';25;(;1024;1186;);(;1024;921;)
wire;'+12V';25;(;1024;921;);(;1067;921;)
wire;'+12V';25;(;1067;921;);(;1067;1186;)
wire;'+12V';25;(;1067;1186;);(;1110;1186;)
wire;'+12V';25;(;1110;1186;);(;1110;921;)
wire;'+12V';25;(;1110;921;);(;1152;921;)
wire;'+12V';25;(;1152;921;);(;1152;1186;)
wire;'+12V';25;(;1152;1186;);(;1194;1186;)
wire;'+12V';25;(;1194;1186;);(;1194;921;)
wire;'+12V';25;(;1194;921;);(;1237;921;)
wire;'+12V';25;(;1237;921;);(;1237;1186;)
wire;'+12V';25;(;1237;1186;);(;1280;1186;)
wire;'+12V';25;(;1280;1186;);(;1280;921;)
wire;'+12V';25;(;1280;921;);(;1323;921;)
wire;'+12V';25;(;1323;921;);(;1323;1186;)
wire;'+12V';25;(;1323;1186;);(;1366;1186;)
wire;'+12V';25;(;1366;1186;);(;1366;921;)
wire;'+12V';25;(;1366;921;);(;1409;921;)
wire;'+12V';25;(;1409;921;);(;1409;1186;)
wire;'+12V';25;(;1409;1186;);(;1452;1186;)
wire;'+12V';25;(;1452;1186;);(;1452;921;)
wire;'+12V';25;(;1452;921;);(;1512;921;)
wire;'+12V';25;(;1512;921;);(;1512;1186;)
wire;'+12V';25;(;1512;1186;);(;1572;1186;)
wire;'+12V';25;(;1572;1186;);(;1572;921;)
wire;'+12V';25;(;1572;921;);(;1632;921;)
wire;'+12V';25;(;1632;921;);(;1632;1186;)
wire;'+12V';25;(;1632;1186;);(;1692;1186;)
wire;'+12V';25;(;1692;1186;);(;1692;921;)
wire;'+12V';25;(;1692;921;);(;1752;921;)
wire;'+12V';25;(;1752;921;);(;1752;1186;)
wire;'+12V';25;(;1752;1186;);(;1812;1186;)
wire;'+12V';25;(;1812;1186;);(;1812;921;)
wire;'+12V';25;(;1812;921;);(;1872;921;)
wire;'+12V';25;(;1872;921;);(;1872;1186;)
wire;'+12V';25;(;1872;1186;);(;1932;1186;)
wire;'+12V';25;(;1932;1186;);(;1932;921;)
wire;'+12V';25;(;1932;921;);(;1992;921;)
wire;'+12V';25;(;1992;921;);(;1992;1186;)
wire;'+12V';25;(;1992;1186;);(;2052;1186;)
wire;'+12V';25;(;2052;1186;);(;2052;921;)
wire;'+12V';25;(;2052;921;);(;2127;921;)
wire;'+12V';25;(;2127;921;);(;2127;1186;)
wire;'+12V';25;(;2127;1186;);(;2202;1186;)
wire;'+12V';25;(;2202;1186;);(;2202;921;)
wire;'+12V';25;(;2202;921;);(;2277;921;)
wire;'+12V';25;(;2277;921;);(;2277;1186;)
wire;'+12V';25;(;2277;1186;);(;2352;1186;)
wire;'+12V';25;(;2352;1186;);(;2352;921;)
wire;'+12V';25;(;2352;921;);(;2427;921;)
wire;'+12V';25;(;2427;921;);(;2427;1186;)
wire;'+12V';25;(;2427;1186;);(;2502;1186;)
wire;'+12V';25;(;2502;1186;);(;2502;921;)
wire;'+12V';25;(;2502;921;);(;2577;921;)
wire;'+12V';25;(;2577;921;);(;2577;1186;)
wire;'+12V';25;(;2577;1186;);(;2652;1186;)
wire;'+12V';25;(;2652;1186;);(;2652;921;)
wire;'+12V';25;(;2652;921;);(;2692;921;)
wire;'+12V';25;(;2692;921;);(;2767;921;)
wire;'+12V';25;(;2767;921;);(;2767;1186;)
wire;'+12V';25;(;2767;1186;);(;2842;1186;)
wire;'+12V';25;(;2842;1186;);(;2842;921;)
wire;'+12V';25;(;2842;921;);(;2917;921;)
wire;'+12V';25;(;2917;921;);(;2917;1186;)
wire;'+12V';25;(;2917;1186;);(;2992;1186;)
wire;'+12V';25;(;2992;1186;);(;2992;921;)
wire;'+12V';25;(;2992;921;);(;3067;921;)
wire;'+12V';25;(;3067;921;);(;3067;1186;)
wire;'+12V';25;(;3067;1186;);(;3142;1186;)
wire;'+12V';25;(;3142;1186;);(;3142;921;)
wire;'+12V';25;(;3142;921;);(;3217;921;)
wire;'+12V';25;(;3217;921;);(;3217;1186;)
wire;'+12V';25;(;3217;1186;);(;3292;1186;)
wire;'+12V';25;(;3292;1186;);(;3292;921;)
wire;'+12V';25;(;3292;921;);(;3352;921;)
wire;'+12V';25;(;3352;921;);(;3352;1186;)
wire;'+12V';25;(;3352;1186;);(;3412;1186;)
wire;'+12V';25;(;3412;1186;);(;3412;921;)
wire;'+12V';25;(;3412;921;);(;3472;921;)
wire;'+12V';25;(;3472;921;);(;3472;1186;)
wire;'+12V';25;(;3472;1186;);(;3532;1186;)
wire;'+12V';25;(;3532;1186;);(;3532;921;)
wire;'+12V';25;(;3532;921;);(;3592;921;)
wire;'+12V';25;(;3592;921;);(;3592;1186;)
wire;'+12V';25;(;3592;1186;);(;3652;1186;)
wire;'+12V';25;(;3652;1186;);(;3652;921;)
wire;'+12V';25;(;3652;921;);(;3712;921;)
wire;'+12V';25;(;3712;921;);(;3712;1186;)
wire;'+12V';25;(;3712;1186;);(;3772;1186;)
wire;'+12V';25;(;3772;1186;);(;3772;921;)
wire;'+12V';25;(;3772;921;);(;3832;921;)
wire;'+12V';25;(;3832;921;);(;3832;1186;)
wire;'+12V';25;(;3832;1186;);(;3892;1186;)
wire;'+12V';25;(;3892;1186;);(;3892;921;)
wire;'+12V';25;(;3892;921;);(;3935;921;)
wire;'+12V';25;(;3935;921;);(;3935;1186;)
wire;'+12V';25;(;3935;1186;);(;3978;1186;)
wire;'+12V';25;(;3978;1186;);(;3978;921;)
wire;'+12V';25;(;3978;921;);(;4021;921;)
wire;'+12V';25;(;4021;921;);(;4021;1186;)
wire;'+12V';25;(;4021;1186;);(;4064;1186;)
wire;'+12V';25;(;4064;1186;);(;4064;921;)
wire;'+12V';25;(;4064;921;);(;4107;921;)
wire;'+12V';25;(;4107;921;);(;4107;1186;)
wire;'+12V';25;(;4107;1186;);(;4150;1186;)
wire;'+12V';25;(;4150;1186;);(;4150;921;)
wire;'+12V';25;(;4150;921;);(;4192;921;)
wire;'+12V';25;(;4192;921;);(;4192;1186;)
wire;'+12V';25;(;4192;1186;);(;4234;1186;)
wire;'+12V';25;(;4234;1186;);(;4234;921;)
wire;'+12V';25;(;4234;921;);(;4277;921;)
wire;'+12V';25;(;4277;921;);(;4277;1186;)
wire;'+12V';25;(;4277;1186;);(;4320;1186;)
wire;'+12V';25;(;4320;1186;);(;4320;921;)
wire;'+12V';25;(;4320;921;);(;4363;921;)
wire;'+12V';25;(;4363;921;);(;4363;1186;)
wire;'+12V';25;(;4363;1186;);(;4406;1186;)
wire;'+12V';25;(;4406;1186;);(;4406;921;)
wire;'+12V';25;(;4406;921;);(;4449;921;)
wire;'+12V';25;(;4449;921;);(;4449;1186;)
wire;'+12V';25;(;4449;1186;);(;4492;1186;)
wire;'+12V';25;(;4492;1186;);(;4492;921;)
wire;'+12V';25;(;4492;921;);(;4530;921;)
wire;'+12V';25;(;4530;921;);(;4530;1186;)
wire;'+12V';25;(;4530;1186;);(;4568;1186;)
wire;'+12V';25;(;4568;1186;);(;4568;921;)
wire;'+12V';25;(;4568;921;);(;4606;921;)
wire;'+12V';25;(;4606;921;);(;4606;1186;)
wire;'+12V';25;(;4606;1186;);(;4644;1186;)
wire;'+12V';25;(;4644;1186;);(;4644;921;)
wire;'+12V';25;(;4644;921;);(;4681;921;)
wire;'+12V';25;(;4681;921;);(;4681;1186;)
wire;'+12V';25;(;4681;1186;);(;4718;1186;)
wire;'+12V';25;(;4718;1186;);(;4718;921;)
wire;'+12V';25;(;4718;921;);(;4755;921;)
wire;'+12V';25;(;4755;921;);(;4755;1186;)
wire;'+12V';25;(;4755;1186;);(;4792;1186;)
wire;'+12V';25;(;4792;1186;);(;4792;921;)
wire;'+12V';25;(;4792;921;);(;4829;921;)
wire;'+12V';25;(;4829;921;);(;4829;1186;)
wire;'+12V';25;(;4829;1186;);(;4866;1186;)
wire;'+12V';25;(;4866;1186;);(;4866;921;)
wire;'+12V';25;(;4866;921;);(;4903;921;)
wire;'+12V';25;(;4903;921;);(;4903;1186;)
wire;'+12V';25;(;4903;1186;);(;4940;1186;)
wire;'+12V';25;(;4940;1186;);(;4940;921;)
wire;'+12V';25;(;4940;921;);(;4978;921;)
wire;'+12V';25;(;4978;921;);(;4978;1186;)
wire;'+12V';25;(;4978;1186;);(;5016;1186;)
wire;'+12V';25;(;5016;1186;);(;5016;921;)
wire;'+12V';25;(;5016;921;);(;5054;921;)
wire;'+12V';25;(;5054;921;);(;5054;1186;)
wire;'+12V';25;(;5054;1186;);(;5092;1186;)
wire;'+12V';25;(;5092;1186;);(;5092;921;)
wire;'+12V';25;(;5092;921;);(;5132;921;)
wire;'+12V';25;(;5132;921;);(;5132;606;)
wire;'+12V';25;(;5132;606;);(;5092;606;)
wire;'+12V';25;(;5092;606;);(;5092;871;)
wire;'+12V';25;(;5092;871;);(;5058;871;)
wire;'+12V';25;(;5058;871;);(;5058;606;)
wire;'+12V';25;(;5058;606;);(;5024;606;)
wire;'+12V';25;(;5024;606;);(;5024;871;)
wire;'+12V';25;(;5024;871;);(;4990;871;)
wire;'+12V';25;(;4990;871;);(;4990;606;)
wire;'+12V';25;(;4990;606;);(;4957;606;)
wire;'+12V';25;(;4957;606;);(;4957;871;)
wire;'+12V';25;(;4957;871;);(;4924;871;)
wire;'+12V';25;(;4924;871;);(;4924;606;)
wire;'+12V';25;(;4924;606;);(;4891;606;)
wire;'+12V';25;(;4891;606;);(;4891;871;)
wire;'+12V';25;(;4891;871;);(;4858;871;)
wire;'+12V';25;(;4858;871;);(;4858;606;)
wire;'+12V';25;(;4858;606;);(;4825;606;)
wire;'+12V';25;(;4825;606;);(;4825;871;)
wire;'+12V';25;(;4825;871;);(;4792;871;)
wire;'+12V';25;(;4792;871;);(;4792;606;)
wire;'+12V';25;(;4792;606;);(;4759;606;)
wire;'+12V';25;(;4759;606;);(;4759;871;)
wire;'+12V';25;(;4759;871;);(;4726;871;)
wire;'+12V';25;(;4726;871;);(;4726;606;)
wire;'+12V';25;(;4726;606;);(;4693;606;)
wire;'+12V';25;(;4693;606;);(;4693;871;)
wire;'+12V';25;(;4693;871;);(;4660;871;)
wire;'+12V';25;(;4660;871;);(;4660;606;)
wire;'+12V';25;(;4660;606;);(;4627;606;)
wire;'+12V';25;(;4627;606;);(;4627;871;)
wire;'+12V';25;(;4627;871;);(;4594;871;)
wire;'+12V';25;(;4594;871;);(;4594;606;)
wire;'+12V';25;(;4594;606;);(;4560;606;)
wire;'+12V';25;(;4560;606;);(;4560;871;)
wire;'+12V';25;(;4560;871;);(;4526;871;)
wire;'+12V';25;(;4526;871;);(;4526;606;)
wire;'+12V';25;(;4526;606;);(;4492;606;)
wire;'+12V';25;(;4492;606;);(;4492;871;)
wire;'+12V';25;(;4492;871;);(;4454;871;)
wire;'+12V';25;(;4454;871;);(;4454;606;)
wire;'+12V';25;(;4454;606;);(;4416;606;)
wire;'+12V';25;(;4416;606;);(;4416;871;)
wire;'+12V';25;(;4416;871;);(;4378;871;)
wire;'+12V';25;(;4378;871;);(;4378;606;)
wire;'+12V';25;(;4378;606;);(;4340;606;)
wire;'+12V';25;(;4340;606;);(;4340;871;)
wire;'+12V';25;(;4340;871;);(;4303;871;)
wire;'+12V';25;(;4303;871;);(;4303;606;)
wire;'+12V';25;(;4303;606;);(;4266;606;)
wire;'+12V';25;(;4266;606;);(;4266;871;)
wire;'+12V';25;(;4266;871;);(;4229;871;)
wire;'+12V';25;(;4229;871;);(;4229;606;)
wire;'+12V';25;(;4229;606;);(;4192;606;)
wire;'+12V';25;(;4192;606;);(;4192;871;)
wire;'+12V';25;(;4192;871;);(;4155;871;)
wire;'+12V';25;(;4155;871;);(;4155;606;)
wire;'+12V';25;(;4155;606;);(;4118;606;)
wire;'+12V';25;(;4118;606;);(;4118;871;)
wire;'+12V';25;(;4118;871;);(;4081;871;)
wire;'+12V';25;(;4081;871;);(;4081;606;)
wire;'+12V';25;(;4081;606;);(;4044;606;)
wire;'+12V';25;(;4044;606;);(;4044;871;)
wire;'+12V';25;(;4044;871;);(;4006;871;)
wire;'+12V';25;(;4006;871;);(;4006;606;)
wire;'+12V';25;(;4006;606;);(;3968;606;)
wire;'+12V';25;(;3968;606;);(;3968;871;)
wire;'+12V';25;(;3968;871;);(;3930;871;)
wire;'+12V';25;(;3930;871;);(;3930;606;)
wire;'+12V';25;(;3930;606;);(;3892;606;)
wire;'+12V';25;(;3892;606;);(;3892;871;)
wire;'+12V';25;(;3892;871;);(;3849;871;)
wire;'+12V';25;(;3849;871;);(;3849;606;)
wire;'+12V';25;(;3849;606;);(;3806;606;)
wire;'+12V';25;(;3806;606;);(;3806;871;)
wire;'+12V';25;(;3806;871;);(;3763;871;)
wire;'+12V';25;(;3763;871;);(;3763;606;)
wire;'+12V';25;(;3763;606;);(;3720;606;)
wire;'+12V';25;(;3720;606;);(;3720;871;)
wire;'+12V';25;(;3720;871;);(;3677;871;)
wire;'+12V';25;(;3677;871;);(;3677;606;)
wire;'+12V';25;(;3677;606;);(;3634;606;)
wire;'+12V';25;(;3634;606;);(;3634;871;)
wire;'+12V';25;(;3634;871;);(;3592;871;)
wire;'+12V';25;(;3592;871;);(;3592;606;)
wire;'+12V';25;(;3592;606;);(;3550;606;)
wire;'+12V';25;(;3550;606;);(;3550;871;)
wire;'+12V';25;(;3550;871;);(;3507;871;)
wire;'+12V';25;(;3507;871;);(;3507;606;)
wire;'+12V';25;(;3507;606;);(;3464;606;)
wire;'+12V';25;(;3464;606;);(;3464;871;)
wire;'+12V';25;(;3464;871;);(;3421;871;)
wire;'+12V';25;(;3421;871;);(;3421;606;)
wire;'+12V';25;(;3421;606;);(;3378;606;)
wire;'+12V';25;(;3378;606;);(;3378;871;)
wire;'+12V';25;(;3378;871;);(;3335;871;)
wire;'+12V';25;(;3335;871;);(;3335;606;)
wire;'+12V';25;(;3335;606;);(;3292;606;)
wire;'+12V';25;(;3292;606;);(;3292;871;)
wire;'+12V';25;(;3292;871;);(;3242;871;)
wire;'+12V';25;(;3242;871;);(;3242;606;)
wire;'+12V';25;(;3242;606;);(;3192;606;)
wire;'+12V';25;(;3192;606;);(;3192;871;)
wire;'+12V';25;(;3192;871;);(;3142;871;)
wire;'+12V';25;(;3142;871;);(;3142;606;)
wire;'+12V';25;(;3142;606;);(;3092;606;)
wire;'+12V';25;(;3092;606;);(;3092;871;)
wire;'+12V';25;(;3092;871;);(;3042;871;)
wire;'+12V';25;(;3042;871;);(;3042;606;)
wire;'+12V';25;(;3042;606;);(;2992;606;)
wire;'+12V';25;(;2992;606;);(;2992;871;)
wire;'+12V';25;(;2992;871;);(;2942;871;)
wire;'+12V';25;(;2942;871;);(;2942;606;)
wire;'+12V';25;(;2942;606;);(;2892;606;)
wire;'+12V';25;(;2892;606;);(;2892;871;)
wire;'+12V';25;(;2892;871;);(;2842;871;)
wire;'+12V';25;(;2842;871;);(;2842;606;)
wire;'+12V';25;(;2842;606;);(;2792;606;)
wire;'+12V';25;(;2792;606;);(;2792;871;)
wire;'+12V';25;(;2792;871;);(;2742;871;)
wire;'+12V';25;(;2742;871;);(;2742;606;)
wire;'+12V';25;(;2742;606;);(;2692;606;)
wire;'+12V';25;(;2692;606;);(;2652;606;)
wire;'+12V';25;(;2652;606;);(;2652;871;)
wire;'+12V';25;(;2652;871;);(;2602;871;)
wire;'+12V';25;(;2602;871;);(;2602;606;)
wire;'+12V';25;(;2602;606;);(;2552;606;)
wire;'+12V';25;(;2552;606;);(;2552;871;)
wire;'+12V';25;(;2552;871;);(;2502;871;)
wire;'+12V';25;(;2502;871;);(;2502;606;)
wire;'+12V';25;(;2502;606;);(;2452;606;)
wire;'+12V';25;(;2452;606;);(;2452;871;)
wire;'+12V';25;(;2452;871;);(;2402;871;)
wire;'+12V';25;(;2402;871;);(;2402;606;)
wire;'+12V';25;(;2402;606;);(;2352;606;)
wire;'+12V';25;(;2352;606;);(;2352;871;)
wire;'+12V';25;(;2352;871;);(;2302;871;)
wire;'+12V';25;(;2302;871;);(;2302;606;)
wire;'+12V';25;(;2302;606;);(;2252;606;)
wire;'+12V';25;(;2252;606;);(;2252;871;)
wire;'+12V';25;(;2252;871;);(;2202;871;)
wire;'+12V';25;(;2202;871;);(;2202;606;)
wire;'+12V';25;(;2202;606;);(;2152;606;)
wire;'+12V';25;(;2152;606;);(;2152;871;)
wire;'+12V';25;(;2152;871;);(;2102;871;)
wire;'+12V';25;(;2102;871;);(;2102;606;)
wire;'+12V';25;(;2102;606;);(;2052;606;)
wire;'+12V';25;(;2052;606;);(;2052;871;)
wire;'+12V';25;(;2052;871;);(;2009;871;)
wire;'+12V';25;(;2009;871;);(;2009;606;)
wire;'+12V';25;(;2009;606;);(;1966;606;)
wire;'+12V';25;(;1966;606;);(;1966;871;)
wire;'+12V';25;(;1966;871;);(;1923;871;)
wire;'+12V';25;(;1923;871;);(;1923;606;)
wire;'+12V';25;(;1923;606;);(;1880;606;)
wire;'+12V';25;(;1880;606;);(;1880;871;)
wire;'+12V';25;(;1880;871;);(;1837;871;)
wire;'+12V';25;(;1837;871;);(;1837;606;)
wire;'+12V';25;(;1837;606;);(;1794;606;)
wire;'+12V';25;(;1794;606;);(;1794;871;)
wire;'+12V';25;(;1794;871;);(;1752;871;)
wire;'+12V';25;(;1752;871;);(;1752;606;)
wire;'+12V';25;(;1752;606;);(;1710;606;)
wire;'+12V';25;(;1710;606;);(;1710;871;)
wire;'+12V';25;(;1710;871;);(;1667;871;)
wire;'+12V';25;(;1667;871;);(;1667;606;)
wire;'+12V';25;(;1667;606;);(;1624;606;)
wire;'+12V';25;(;1624;606;);(;1624;871;)
wire;'+12V';25;(;1624;871;);(;1581;871;)
wire;'+12V';25;(;1581;871;);(;1581;606;)
wire;'+12V';25;(;1581;606;);(;1538;606;)
wire;'+12V';25;(;1538;606;);(;1538;871;)
wire;'+12V';25;(;1538;871;);(;1495;871;)
wire;'+12V';25;(;1495;871;);(;1495;606;)
wire;'+12V';25;(;1495;606;);(;1452;606;)
wire;'+12V';25;(;1452;606;);(;1452;871;)
wire;'+12V';25;(;1452;871;);(;1414;871;)
wire;'+12V';25;(;1414;871;);(;1414;606;)
wire;'+12V';25;(;1414;606;);(;1376;606;)
wire;'+12V';25;(;1376;606;);(;1376;871;)
wire;'+12V';25;(;1376;871;);(;1338;871;)
wire;'+12V';25;(;1338;871;);(;1338;606;)
wire;'+12V';25;(;1338;606;);(;1300;606;)
wire;'+12V';25;(;1300;606;);(;1300;871;)
wire;'+12V';25;(;1300;871;);(;1263;871;)
wire;'+12V';25;(;1263;871;);(;1263;606;)
wire;'+12V';25;(;1263;606;);(;1226;606;)
wire;'+12V';25;(;1226;606;);(;1226;871;)
wire;'+12V';25;(;1226;871;);(;1189;871;)
wire;'+12V';25;(;1189;871;);(;1189;606;)
wire;'+12V';25;(;1189;606;);(;1152;606;)
wire;'+12V';25;(;1152;606;);(;1152;871;)
wire;'+12V';25;(;1152;871;);(;1115;871;)
wire;'+12V';25;(;1115;871;);(;1115;606;)
wire;'+12V';25;(;1115;606;);(;1078;606;)
wire;'+12V';25;(;1078;606;);(;1078;871;)
wire;'+12V';25;(;1078;871;);(;1041;871;)
wire;'+12V';25;(;1041;871;);(;1041;606;)
wire;'+12V';25;(;1041;606;);(;1004;606;)
wire;'+12V';25;(;1004;606;);(;1004;871;)
wire;'+12V';25;(;1004;871;);(;966;871;)
wire;'+12V';25;(;966;871;);(;966;606;)
wire;'+12V';25;(;966;606;);(;928;606;)
wire;'+12V';25;(;928;606;);(;928;871;)
wire;'+12V';25;(;928;871;);(;890;871;)
wire;'+12V';25;(;890;871;);(;890;606;)
wire;'+12V';25;(;890;606;);(;852;606;)
wire;'+12V';25;(;852;606;);(;852;871;)
wire;'+12V';25;(;852;871;);(;818;871;)
wire;'+12V';25;(;818;871;);(;818;606;)
wire;'+12V';25;(;818;606;);(;784;606;)
wire;'+12V';25;(;784;606;);(;784;871;)
wire;'+12V';25;(;784;871;);(;750;871;)
wire;'+12V';25;(;750;871;);(;750;606;)
wire;'+12V';25;(;750;606;);(;717;606;)
wire;'+12V';25;(;717;606;);(;717;871;)
wire;'+12V';25;(;717;871;);(;684;871;)
wire;'+12V';25;(;684;871;);(;684;606;)
wire;'+12V';25;(;684;606;);(;651;606;)
wire;'+12V';25;(;651;606;);(;651;871;)
wire;'+12V';25;(;651;871;);(;618;871;)
wire;'+12V';25;(;618;871;);(;618;606;)
wire;'+12V';25;(;618;606;);(;585;606;)
wire;'+12V';25;(;585;606;);(;585;871;)
wire;'+12V';25;(;585;871;);(;552;871;)
wire;'+12V';25;(;552;871;);(;552;606;)
wire;'+12V';25;(;552;606;);(;519;606;)
wire;'+12V';25;(;519;606;);(;519;871;)
wire;'+12V';25;(;519;871;);(;486;871;)
wire;'+12V';25;(;486;871;);(;486;606;)
wire;'+12V';25;(;486;606;);(;453;606;)
wire;'+12V';25;(;453;606;);(;453;871;)
wire;'+12V';25;(;453;871;);(;420;871;)
wire;'+12V';25;(;420;871;);(;420;606;)
wire;'+12V';25;(;420;606;);(;387;606;)
wire;'+12V';25;(;387;606;);(;387;871;)
wire;'+12V';25;(;387;871;);(;354;871;)
wire;'+12V';25;(;354;871;);(;354;606;)
wire;'+12V';25;(;354;606;);(;320;606;)
wire;'+12V';25;(;320;606;);(;320;871;)
wire;'+12V';25;(;320;871;);(;286;871;)
wire;'+12V';25;(;286;871;);(;286;606;)
wire;'+12V';25;(;286;606;);(;252;606;)
wire;'+12V';25;(;252;606;);(;252;291;)
wire;'+12V';25;(;252;291;);(;282;291;)
wire;'+12V';25;(;282;291;);(;282;556;)
wire;'+12V';25;(;282;556;);(;312;556;)
wire;'+12V';25;(;312;556;);(;312;291;)
wire;'+12V';25;(;312;291;);(;342;291;)
wire;'+12V';25;(;342;291;);(;342;556;)
wire;'+12V';25;(;342;556;);(;372;556;)
wire;'+12V';25;(;372;556;);(;372;291;)
wire;'+12V';25;(;372;291;);(;402;291;)
wire;'+12V';25;(;402;291;);(;402;556;)
wire;'+12V';25;(;402;556;);(;432;556;)
wire;'+12V';25;(;432;556;);(;432;291;)
wire;'+12V';25;(;432;291;);(;462;291;)
wire;'+12V';25;(;462;291;);(;462;556;)
wire;'+12V';25;(;462;556;);(;492;556;)
wire;'+12V';25;(;492;556;);(;492;291;)
wire;'+12V';25;(;492;291;);(;522;291;)
wire;'+12V';25;(;522;291;);(;522;556;)
wire;'+12V';25;(;522;556;);(;552;556;)
wire;'+12V';25;(;552;556;);(;552;291;)
wire;'+12V';25;(;552;291;);(;582;291;)
wire;'+12V';25;(;582;291;);(;582;556;)
wire;'+12V';25;(;582;556;);(;612;556;)
wire;'+12V';25;(;612;556;);(;612;291;)
wire;'+12V';25;(;612;291;);(;642;291;)
wire;'+12V';25;(;642;291;);(;642;556;)
wire;'+12V';25;(;642;556;);(;672;556;)
wire;'+12V';25;(;672;556;);(;672;291;)
wire;'+12V';25;(;672;291;);(;702;291;)
wire;'+12V';25;(;702;291;);(;702;556;)
wire;'+12V';25;(;702;556;);(;732;556;)
wire;'+12V';25;(;732;556;);(;732;291;)
wire;'+12V';25;(;732;291;);(;762;291;)
wire;'+12V';25;(;762;291;);(;762;556;)
wire;'+12V';25;(;762;556;);(;792;556;)
wire;'+12V';25;(;792;556;);(;792;291;)
wire;'+12V';25;(;792;291;);(;822;291;)
wire;'+12V';25;(;822;291;);(;822;556;)
wire;'+12V';25;(;822;556;);(;852;556;)
wire;'+12V';25;(;852;556;);(;852;291;)
wire;'+12V';25;(;852;291;);(;886;291;)
wire;'+12V';25;(;886;291;);(;886;556;)
wire;'+12V';25;(;886;556;);(;920;556;)
wire;'+12V';25;(;920;556;);(;920;291;)
wire;'+12V';25;(;920;291;);(;954;291;)
wire;'+12V';25;(;954;291;);(;954;556;)
wire;'+12V';25;(;954;556;);(;987;556;)
wire;'+12V';25;(;987;556;);(;987;291;)
wire;'+12V';25;(;987;291;);(;1020;291;)
wire;'+12V';25;(;1020;291;);(;1020;556;)
wire;'+12V';25;(;1020;556;);(;1053;556;)
wire;'+12V';25;(;1053;556;);(;1053;291;)
wire;'+12V';25;(;1053;291;);(;1086;291;)
wire;'+12V';25;(;1086;291;);(;1086;556;)
wire;'+12V';25;(;1086;556;);(;1119;556;)
wire;'+12V';25;(;1119;556;);(;1119;291;)
wire;'+12V';25;(;1119;291;);(;1152;291;)
wire;'+12V';25;(;1152;291;);(;1152;556;)
wire;'+12V';25;(;1152;556;);(;1185;556;)
wire;'+12V';25;(;1185;556;);(;1185;291;)
wire;'+12V';25;(;1185;291;);(;1218;291;)
wire;'+12V';25;(;1218;291;);(;1218;556;)
wire;'+12V';25;(;1218;556;);(;1251;556;)
wire;'+12V';25;(;1251;556;);(;1251;291;)
wire;'+12V';25;(;1251;291;);(;1284;291;)
wire;'+12V';25;(;1284;291;);(;1284;556;)
wire;'+12V';25;(;1284;556;);(;1317;556;)
wire;'+12V';25;(;1317;556;);(;1317;291;)
wire;'+12V';25;(;1317;291;);(;1350;291;)
wire;'+12V';25;(;1350;291;);(;1350;556;)
wire;'+12V';25;(;1350;556;);(;1384;556;)
wire;'+12V';25;(;1384;556;);(;1384;291;)
wire;'+12V';25;(;1384;291;);(;1418;291;)
wire;'+12V';25;(;1418;291;);(;1418;556;)
wire;'+12V';25;(;1418;556;);(;1452;556;)
wire;'+12V';25;(;1452;556;);(;1452;291;)
wire;'+12V';25;(;1452;291;);(;1490;291;)
wire;'+12V';25;(;1490;291;);(;1490;556;)
wire;'+12V';25;(;1490;556;);(;1528;556;)
wire;'+12V';25;(;1528;556;);(;1528;291;)
wire;'+12V';25;(;1528;291;);(;1566;291;)
wire;'+12V';25;(;1566;291;);(;1566;556;)
wire;'+12V';25;(;1566;556;);(;1604;556;)
wire;'+12V';25;(;1604;556;);(;1604;291;)
wire;'+12V';25;(;1604;291;);(;1641;291;)
wire;'+12V';25;(;1641;291;);(;1641;556;)
wire;'+12V';25;(;1641;556;);(;1678;556;)
wire;'+12V';25;(;1678;556;);(;1678;291;)
wire;'+12V';25;(;1678;291;);(;1715;291;)
wire;'+12V';25;(;1715;291;);(;1715;556;)
wire;'+12V';25;(;1715;556;);(;1752;556;)
wire;'+12V';25;(;1752;556;);(;1752;291;)
wire;'+12V';25;(;1752;291;);(;1789;291;)
wire;'+12V';25;(;1789;291;);(;1789;556;)
wire;'+12V';25;(;1789;556;);(;1826;556;)
wire;'+12V';25;(;1826;556;);(;1826;291;)
wire;'+12V';25;(;1826;291;);(;1863;291;)
wire;'+12V';25;(;1863;291;);(;1863;556;)
wire;'+12V';25;(;1863;556;);(;1900;556;)
wire;'+12V';25;(;1900;556;);(;1900;291;)
wire;'+12V';25;(;1900;291;);(;1938;291;)
wire;'+12V';25;(;1938;291;);(;1938;556;)
wire;'+12V';25;(;1938;556;);(;1976;556;)
wire;'+12V';25;(;1976;556;);(;1976;291;)
wire;'+12V';25;(;1976;291;);(;2014;291;)
wire;'+12V';25;(;2014;291;);(;2014;556;)
wire;'+12V';25;(;2014;556;);(;2052;556;)
wire;'+12V';25;(;2052;556;);(;2052;291;)
wire;'+12V';25;(;2052;291;);(;2095;291;)
wire;'+12V';25;(;2095;291;);(;2095;556;)
wire;'+12V';25;(;2095;556;);(;2138;556;)
wire;'+12V';25;(;2138;556;);(;2138;291;)
wire;'+12V';25;(;2138;291;);(;2181;291;)
wire;'+12V';25;(;2181;291;);(;2181;556;)
wire;'+12V';25;(;2181;556;);(;2224;556;)
wire;'+12V';25;(;2224;556;);(;2224;291;)
wire;'+12V';25;(;2224;291;);(;2267;291;)
wire;'+12V';25;(;2267;291;);(;2267;556;)
wire;'+12V';25;(;2267;556;);(;2310;556;)
wire;'+12V';25;(;2310;556;);(;2310;291;)
wire;'+12V';25;(;2310;291;);(;2352;291;)
wire;'+12V';25;(;2352;291;);(;2352;556;)
wire;'+12V';25;(;2352;556;);(;2394;556;)
wire;'+12V';25;(;2394;556;);(;2394;291;)
wire;'+12V';25;(;2394;291;);(;2437;291;)
wire;'+12V';25;(;2437;291;);(;2437;556;)
wire;'+12V';25;(;2437;556;);(;2480;556;)
wire;'+12V';25;(;2480;556;);(;2480;291;)
wire;'+12V';25;(;2480;291;);(;2523;291;)
wire;'+12V';25;(;2523;291;);(;2523;556;)
wire;'+12V';25;(;2523;556;);(;2566;556;)
wire;'+12V';25;(;2566;556;);(;2566;291;)
wire;'+12V';25;(;2566;291;);(;2609;291;)
wire;'+12V';25;(;2609;291;);(;2609;556;)
wire;'+12V';25;(;2609;556;);(;2652;556;)
wire;'+12V';25;(;2652;556;);(;2652;291;)
wire;'+12V';25;(;2652;291;);(;2692;291;)
wire;'+12V';25;(;2692;291;);(;2735;291;)
wire;'+12V';25;(;2735;291;);(;2735;556;)
wire;'+12V';25;(;2735;556;);(;2778;556;)
wire;'+12V';25;(;2778;556;);(;2778;291;)
wire;'+12V';25;(;2778;291;);(;2821;291;)
wire;'+12V';25;(;2821;291;);(;2821;556;)
wire;'+12V';25;(;2821;556;);(;2864;556;)
wire;'+12V';25;(;2864;556;);(;2864;291;)
wire;'+12V';25;(;2864;291;);(;2907;291;)
wire;'+12V';25;(;2907;291;);(;2907;556;)
wire;'+12V';25;(;2907;556;);(;2950;556;)
wire;'+12V';25;(;2950;556;);(;2950;291;)
wire;'+12V';25;(;2950;291;);(;2992;291;)
wire;'+12V';25;(;2992;291;);(;2992;556;)
wire;'+12V';25;(;2992;556;);(;3034;556;)
wire;'+12V';25;(;3034;556;);(;3034;291;)
wire;'+12V';25;(;3034;291;);(;3077;291;)
wire;'+12V';25;(;3077;291;);(;3077;556;)
wire;'+12V';25;(;3077;556;);(;3120;556;)
wire;'+12V';25;(;3120;556;);(;3120;291;)
wire;'+12V';25;(;3120;291;);(;3163;291;)
wire;'+12V';25;(;3163;291;);(;3163;556;)
wire;'+12V';25;(;3163;556;);(;3206;556;)
wire;'+12V';25;(;3206;556;);(;3206;291;)
wire;'+12V';25;(;3206;291;);(;3249;291;)
wire;'+12V';25;(;3249;291;);(;3249;556;)
wire;'+12V';25;(;3249;556;);(;3292;556;)
wire;'+12V';25;(;3292;556;);(;3292;291;)
wire;'+12V';25;(;3292;291;);(;3330;291;)
wire;'+12V';25;(;3330;291;);(;3330;556;)
wire;'+12V';25;(;3330;556;);(;3368;556;)
wire;'+12V';25;(;3368;556;);(;3368;291;)
wire;'+12V';25;(;3368;291;);(;3406;291;)
wire;'+12V';25;(;3406;291;);(;3406;556;)
wire;'+12V';25;(;3406;556;);(;3444;556;)
wire;'+12V';25;(;3444;556;);(;3444;291;)
wire;'+12V';25;(;3444;291;);(;3481;291;)
wire;'+12V';25;(;3481;291;);(;3481;556;)
wire;'+12V';25;(;3481;556;);(;3518;556;)
wire;'+12V';25;(;3518;556;);(;3518;291;)
wire;'+12V';25;(;3518;291;);(;3555;291;)
wire;'+12V';25;(;3555;291;);(;3555;556;)
wire;'+12V';25;(;3555;556;);(;3592;556;)
wire;'+12V';25;(;3592;556;);(;3592;291;)
wire;'+12V';25;(;3592;291;);(;3629;291;)
wire;'+12V';25;(;3629;291;);(;3629;556;)
wire;'+12V';25;(;3629;556;);(;3666;556;)
wire;'+12V';25;(;3666;556;);(;3666;291;)
wire;'+12V';25;(;3666;291;);(;3703;291;)
wire;'+12V';25;(;3703;291;);(;3703;556;)
wire;'+12V';25;(;3703;556;);(;3740;556;)
wire;'+12V';25;(;3740;556;);(;3740;291;)
wire;'+12V';25;(;3740;291;);(;3778;291;)
wire;'+12V';25;(;3778;291;);(;3778;556;)
wire;'+12V';25;(;3778;556;);(;3816;556;)
wire;'+12V';25;(;3816;556;);(;3816;291;)
wire;'+12V';25;(;3816;291;);(;3854;291;)
wire;'+12V';25;(;3854;291;);(;3854;556;)
wire;'+12V';25;(;3854;556;);(;3892;556;)
wire;'+12V';25;(;3892;556;);(;3892;291;)
wire;'+12V';25;(;3892;291;);(;3926;291;)
wire;'+12V';25;(;3926;291;);(;3926;556;)
wire;'+12V';25;(;3926;556;);(;3960;556;)
wire;'+12V';25;(;3960;556;);(;3960;291;)
wire;'+12V';25;(;3960;291;);(;3994;291;)
wire;'+12V';25;(;3994;291;);(;3994;556;)
wire;'+12V';25;(;3994;556;);(;4027;556;)
wire;'+12V';25;(;4027;556;);(;4027;291;)
wire;'+12V';25;(;4027;291;);(;4060;291;)
wire;'+12V';25;(;4060;291;);(;4060;556;)
wire;'+12V';25;(;4060;556;);(;4093;556;)
wire;'+12V';25;(;4093;556;);(;4093;291;)
wire;'+12V';25;(;4093;291;);(;4126;291;)
wire;'+12V';25;(;4126;291;);(;4126;556;)
wire;'+12V';25;(;4126;556;);(;4159;556;)
wire;'+12V';25;(;4159;556;);(;4159;291;)
wire;'+12V';25;(;4159;291;);(;4192;291;)
wire;'+12V';25;(;4192;291;);(;4192;556;)
wire;'+12V';25;(;4192;556;);(;4225;556;)
wire;'+12V';25;(;4225;556;);(;4225;291;)
wire;'+12V';25;(;4225;291;);(;4258;291;)
wire;'+12V';25;(;4258;291;);(;4258;556;)
wire;'+12V';25;(;4258;556;);(;4291;556;)
wire;'+12V';25;(;4291;556;);(;4291;291;)
wire;'+12V';25;(;4291;291;);(;4324;291;)
wire;'+12V';25;(;4324;291;);(;4324;556;)
wire;'+12V';25;(;4324;556;);(;4357;556;)
wire;'+12V';25;(;4357;556;);(;4357;291;)
wire;'+12V';25;(;4357;291;);(;4390;291;)
wire;'+12V';25;(;4390;291;);(;4390;556;)
wire;'+12V';25;(;4390;556;);(;4424;556;)
wire;'+12V';25;(;4424;556;);(;4424;291;)
wire;'+12V';25;(;4424;291;);(;4458;291;)
wire;'+12V';25;(;4458;291;);(;4458;556;)
wire;'+12V';25;(;4458;556;);(;4492;556;)
wire;'+12V';25;(;4492;556;);(;4492;291;)
wire;'+12V';25;(;4492;291;);(;4522;291;)
wire;'+12V';25;(;4522;291;);(;4522;556;)
wire;'+12V';25;(;4522;556;);(;4552;556;)
wire;'+12V';25;(;4552;556;);(;4552;291;)
wire;'+12V';25;(;4552;291;);(;4582;291;)
wire;'+12V';25;(;4582;291;);(;4582;556;)
wire;'+12V';25;(;4582;556;);(;4612;556;)
wire;'+12V';25;(;4612;556;);(;4612;291;)
wire;'+12V';25;(;4612;291;);(;4642;291;)
wire;'+12V';25;(;4642;291;);(;4642;556;)
wire;'+12V';25;(;4642;556;);(;4672;556;)
wire;'+12V';25;(;4672;556;);(;4672;291;)
wire;'+12V';25;(;4672;291;);(;4702;291;)
wire;'+12V';25;(;4702;291;);(;4702;556;)
wire;'+12V';25;(;4702;556;);(;4732;556;)
wire;'+12V';25;(;4732;556;);(;4732;291;)
wire;'+12V';25;(;4732;291;);(;4762;291;)
wire;'+12V';25;(;4762;291;);(;4762;556;)
wire;'+12V';25;(;4762;556;);(;4792;556;)
wire;'+12V';25;(;4792;556;);(;4792;291;)
wire;'+12V';25;(;4792;291;);(;4822;291;)
wire;'+12V';25;(;4822;291;);(;4822;556;)
wire;'+12V';25;(;4822;556;);(;4852;556;)
wire;'+12V';25;(;4852;556;);(;4852;291;)
wire;'+12V';25;(;4852;291;);(;4882;291;)
wire;'+12V';25;(;4882;291;);(;4882;556;)
wire;'+12V';25;(;4882;556;);(;4912;556;)
wire;'+12V';25;(;4912;556;);(;4912;291;)
wire;'+12V';25;(;4912;291;);(;4942;291;)
wire;'+12V';25;(;4942;291;);(;4942;556;)
wire;'+12V';25;(;4942;556;);(;4972;556;)
wire;'+12V';25;(;4972;556;);(;4972;291;)
wire;'+12V';25;(;4972;291;);(;5002;291;)
wire;'+12V';25;(;5002;291;);(;5002;556;)
wire;'+12V';25;(;5002;556;);(;5032;556;)
wire;'+12V';25;(;5032;556;);(;5032;291;)
wire;'+12V';25;(;5032;291;);(;5062;291;)
wire;'+12V';25;(;5062;291;);(;5062;556;)
wire;'+12V';25;(;5062;556;);(;5092;556;)
wire;'+12V';25;(;5092;556;);(;5092;291;)
